"key_ID","year","member_state_ID","member_state","member_state_code","case_type_ID","case_type","count_cases"
1,2002,1,"Belgium","BE",1,"noncommunication",34
2,2002,1,"Belgium","BE",2,"nonconformity",21
3,2002,2,"France","FR",1,"noncommunication",49
4,2002,2,"France","FR",2,"nonconformity",34
5,2002,3,"Germany","DE",1,"noncommunication",52
6,2002,3,"Germany","DE",2,"nonconformity",43
7,2002,4,"Italy","IT",1,"noncommunication",45
8,2002,4,"Italy","IT",2,"nonconformity",57
9,2002,5,"Luxembourg","LU",1,"noncommunication",36
10,2002,5,"Luxembourg","LU",2,"nonconformity",14
11,2002,6,"Netherlands","NL",1,"noncommunication",31
12,2002,6,"Netherlands","NL",2,"nonconformity",24
13,2002,7,"Denmark","DK",1,"noncommunication",30
14,2002,7,"Denmark","DK",2,"nonconformity",9
15,2002,8,"Ireland","IE",1,"noncommunication",47
16,2002,8,"Ireland","IE",2,"nonconformity",27
17,2002,9,"United Kingdom","UK",1,"noncommunication",38
18,2002,9,"United Kingdom","UK",2,"nonconformity",24
19,2002,10,"Greece","EL",1,"noncommunication",47
20,2002,10,"Greece","EL",2,"nonconformity",26
21,2002,11,"Portugal","PT",1,"noncommunication",54
22,2002,11,"Portugal","PT",2,"nonconformity",27
23,2002,12,"Spain","ES",1,"noncommunication",32
24,2002,12,"Spain","ES",2,"nonconformity",45
25,2002,13,"Austria","AT",1,"noncommunication",43
26,2002,13,"Austria","AT",2,"nonconformity",17
27,2002,14,"Finland","FI",1,"noncommunication",40
28,2002,14,"Finland","FI",2,"nonconformity",4
29,2002,15,"Sweden","SE",1,"noncommunication",35
30,2002,15,"Sweden","SE",2,"nonconformity",14
31,2003,1,"Belgium","BE",1,"noncommunication",79
32,2003,1,"Belgium","BE",2,"nonconformity",18
33,2003,2,"France","FR",1,"noncommunication",77
34,2003,2,"France","FR",2,"nonconformity",21
35,2003,3,"Germany","DE",1,"noncommunication",83
36,2003,3,"Germany","DE",2,"nonconformity",32
37,2003,4,"Italy","IT",1,"noncommunication",90
38,2003,4,"Italy","IT",2,"nonconformity",66
39,2003,5,"Luxembourg","LU",1,"noncommunication",68
40,2003,5,"Luxembourg","LU",2,"nonconformity",16
41,2003,6,"Netherlands","NL",1,"noncommunication",72
42,2003,6,"Netherlands","NL",2,"nonconformity",17
43,2003,7,"Denmark","DK",1,"noncommunication",47
44,2003,7,"Denmark","DK",2,"nonconformity",16
45,2003,8,"Ireland","IE",1,"noncommunication",70
46,2003,8,"Ireland","IE",2,"nonconformity",9
47,2003,9,"United Kingdom","UK",1,"noncommunication",77
48,2003,9,"United Kingdom","UK",2,"nonconformity",15
49,2003,10,"Greece","EL",1,"noncommunication",86
50,2003,10,"Greece","EL",2,"nonconformity",34
51,2003,11,"Portugal","PT",1,"noncommunication",100
52,2003,11,"Portugal","PT",2,"nonconformity",30
53,2003,12,"Spain","ES",1,"noncommunication",55
54,2003,12,"Spain","ES",2,"nonconformity",34
55,2003,13,"Austria","AT",1,"noncommunication",86
56,2003,13,"Austria","AT",2,"nonconformity",17
57,2003,14,"Finland","FI",1,"noncommunication",77
58,2003,14,"Finland","FI",2,"nonconformity",9
59,2003,15,"Sweden","SE",1,"noncommunication",66
60,2003,15,"Sweden","SE",2,"nonconformity",12
61,2004,1,"Belgium","BE",1,"noncommunication",58
62,2004,1,"Belgium","BE",2,"nonconformity",25
63,2004,2,"France","FR",1,"noncommunication",50
64,2004,2,"France","FR",2,"nonconformity",38
65,2004,3,"Germany","DE",1,"noncommunication",46
66,2004,3,"Germany","DE",2,"nonconformity",28
67,2004,4,"Italy","IT",1,"noncommunication",73
68,2004,4,"Italy","IT",2,"nonconformity",42
69,2004,5,"Luxembourg","LU",1,"noncommunication",62
70,2004,5,"Luxembourg","LU",2,"nonconformity",11
71,2004,6,"Netherlands","NL",1,"noncommunication",44
72,2004,6,"Netherlands","NL",2,"nonconformity",17
73,2004,7,"Denmark","DK",1,"noncommunication",48
74,2004,7,"Denmark","DK",2,"nonconformity",9
75,2004,8,"Ireland","IE",1,"noncommunication",51
76,2004,8,"Ireland","IE",2,"nonconformity",14
77,2004,9,"United Kingdom","UK",1,"noncommunication",50
78,2004,9,"United Kingdom","UK",2,"nonconformity",27
79,2004,10,"Greece","EL",1,"noncommunication",70
80,2004,10,"Greece","EL",2,"nonconformity",31
81,2004,11,"Portugal","PT",1,"noncommunication",70
82,2004,11,"Portugal","PT",2,"nonconformity",17
83,2004,12,"Spain","ES",1,"noncommunication",31
84,2004,12,"Spain","ES",2,"nonconformity",36
85,2004,13,"Austria","AT",1,"noncommunication",36
86,2004,13,"Austria","AT",2,"nonconformity",18
87,2004,14,"Finland","FI",1,"noncommunication",64
88,2004,14,"Finland","FI",2,"nonconformity",17
89,2004,15,"Sweden","SE",1,"noncommunication",52
90,2004,15,"Sweden","SE",2,"nonconformity",14
91,2004,16,"Cyprus","CY",1,"noncommunication",70
92,2004,16,"Cyprus","CY",2,"nonconformity",3
93,2004,17,"Czech Republic","CZ",1,"noncommunication",145
94,2004,17,"Czech Republic","CZ",2,"nonconformity",3
95,2004,18,"Estonia","EE",1,"noncommunication",74
96,2004,18,"Estonia","EE",2,"nonconformity",3
97,2004,19,"Hungary","HU",1,"noncommunication",32
98,2004,19,"Hungary","HU",2,"nonconformity",2
99,2004,20,"Latvia","LV",1,"noncommunication",107
100,2004,20,"Latvia","LV",2,"nonconformity",2
101,2004,21,"Lithuania","LT",1,"noncommunication",14
102,2004,21,"Lithuania","LT",2,"nonconformity",2
103,2004,22,"Malta","MT",1,"noncommunication",103
104,2004,22,"Malta","MT",2,"nonconformity",5
105,2004,23,"Poland","PL",1,"noncommunication",47
106,2004,23,"Poland","PL",2,"nonconformity",9
107,2004,24,"Slovakia","SK",1,"noncommunication",107
108,2004,24,"Slovakia","SK",2,"nonconformity",0
109,2004,25,"Slovenia","SI",1,"noncommunication",53
110,2004,25,"Slovenia","SI",2,"nonconformity",3
111,2005,1,"Belgium","BE",1,"noncommunication",40
112,2005,1,"Belgium","BE",2,"nonconformity",22
113,2005,2,"France","FR",1,"noncommunication",35
114,2005,2,"France","FR",2,"nonconformity",40
115,2005,3,"Germany","DE",1,"noncommunication",26
116,2005,3,"Germany","DE",2,"nonconformity",25
117,2005,4,"Italy","IT",1,"noncommunication",67
118,2005,4,"Italy","IT",2,"nonconformity",57
119,2005,5,"Luxembourg","LU",1,"noncommunication",61
120,2005,5,"Luxembourg","LU",2,"nonconformity",13
121,2005,6,"Netherlands","NL",1,"noncommunication",33
122,2005,6,"Netherlands","NL",2,"nonconformity",23
123,2005,7,"Denmark","DK",1,"noncommunication",27
124,2005,7,"Denmark","DK",2,"nonconformity",8
125,2005,8,"Ireland","IE",1,"noncommunication",42
126,2005,8,"Ireland","IE",2,"nonconformity",13
127,2005,9,"United Kingdom","UK",1,"noncommunication",38
128,2005,9,"United Kingdom","UK",2,"nonconformity",17
129,2005,10,"Greece","EL",1,"noncommunication",60
130,2005,10,"Greece","EL",2,"nonconformity",39
131,2005,11,"Portugal","PT",1,"noncommunication",59
132,2005,11,"Portugal","PT",2,"nonconformity",18
133,2005,12,"Spain","ES",1,"noncommunication",31
134,2005,12,"Spain","ES",2,"nonconformity",32
135,2005,13,"Austria","AT",1,"noncommunication",41
136,2005,13,"Austria","AT",2,"nonconformity",22
137,2005,14,"Finland","FI",1,"noncommunication",48
138,2005,14,"Finland","FI",2,"nonconformity",7
139,2005,15,"Sweden","SE",1,"noncommunication",34
140,2005,15,"Sweden","SE",2,"nonconformity",13
141,2005,16,"Cyprus","CY",1,"noncommunication",66
142,2005,16,"Cyprus","CY",2,"nonconformity",20
143,2005,17,"Czech Republic","CZ",1,"noncommunication",54
144,2005,17,"Czech Republic","CZ",2,"nonconformity",21
145,2005,18,"Estonia","EE",1,"noncommunication",50
146,2005,18,"Estonia","EE",2,"nonconformity",10
147,2005,19,"Hungary","HU",1,"noncommunication",36
148,2005,19,"Hungary","HU",2,"nonconformity",22
149,2005,20,"Latvia","LV",1,"noncommunication",45
150,2005,20,"Latvia","LV",2,"nonconformity",14
151,2005,21,"Lithuania","LT",1,"noncommunication",17
152,2005,21,"Lithuania","LT",2,"nonconformity",11
153,2005,22,"Malta","MT",1,"noncommunication",39
154,2005,22,"Malta","MT",2,"nonconformity",21
155,2005,23,"Poland","PL",1,"noncommunication",35
156,2005,23,"Poland","PL",2,"nonconformity",35
157,2005,24,"Slovakia","SK",1,"noncommunication",37
158,2005,24,"Slovakia","SK",2,"nonconformity",17
159,2005,25,"Slovenia","SI",1,"noncommunication",48
160,2005,25,"Slovenia","SI",2,"nonconformity",8
161,2006,1,"Belgium","BE",1,"noncommunication",39
162,2006,1,"Belgium","BE",2,"nonconformity",21
163,2006,2,"France","FR",1,"noncommunication",43
164,2006,2,"France","FR",2,"nonconformity",36
165,2006,3,"Germany","DE",1,"noncommunication",24
166,2006,3,"Germany","DE",2,"nonconformity",33
167,2006,4,"Italy","IT",1,"noncommunication",52
168,2006,4,"Italy","IT",2,"nonconformity",67
169,2006,5,"Luxembourg","LU",1,"noncommunication",41
170,2006,5,"Luxembourg","LU",2,"nonconformity",21
171,2006,6,"Netherlands","NL",1,"noncommunication",23
172,2006,6,"Netherlands","NL",2,"nonconformity",18
173,2006,7,"Denmark","DK",1,"noncommunication",20
174,2006,7,"Denmark","DK",2,"nonconformity",18
175,2006,8,"Ireland","IE",1,"noncommunication",25
176,2006,8,"Ireland","IE",2,"nonconformity",24
177,2006,9,"United Kingdom","UK",1,"noncommunication",39
178,2006,9,"United Kingdom","UK",2,"nonconformity",28
179,2006,10,"Greece","EL",1,"noncommunication",60
180,2006,10,"Greece","EL",2,"nonconformity",34
181,2006,11,"Portugal","PT",1,"noncommunication",60
182,2006,11,"Portugal","PT",2,"nonconformity",25
183,2006,12,"Spain","ES",1,"noncommunication",30
184,2006,12,"Spain","ES",2,"nonconformity",40
185,2006,13,"Austria","AT",1,"noncommunication",34
186,2006,13,"Austria","AT",2,"nonconformity",25
187,2006,14,"Finland","FI",1,"noncommunication",37
188,2006,14,"Finland","FI",2,"nonconformity",19
189,2006,15,"Sweden","SE",1,"noncommunication",36
190,2006,15,"Sweden","SE",2,"nonconformity",19
191,2006,16,"Cyprus","CY",1,"noncommunication",29
192,2006,16,"Cyprus","CY",2,"nonconformity",29
193,2006,17,"Czech Republic","CZ",1,"noncommunication",44
194,2006,17,"Czech Republic","CZ",2,"nonconformity",25
195,2006,18,"Estonia","EE",1,"noncommunication",38
196,2006,18,"Estonia","EE",2,"nonconformity",13
197,2006,19,"Hungary","HU",1,"noncommunication",35
198,2006,19,"Hungary","HU",2,"nonconformity",18
199,2006,20,"Latvia","LV",1,"noncommunication",35
200,2006,20,"Latvia","LV",2,"nonconformity",16
201,2006,21,"Lithuania","LT",1,"noncommunication",19
202,2006,21,"Lithuania","LT",2,"nonconformity",16
203,2006,22,"Malta","MT",1,"noncommunication",57
204,2006,22,"Malta","MT",2,"nonconformity",22
205,2006,23,"Poland","PL",1,"noncommunication",30
206,2006,23,"Poland","PL",2,"nonconformity",39
207,2006,24,"Slovakia","SK",1,"noncommunication",23
208,2006,24,"Slovakia","SK",2,"nonconformity",17
209,2006,25,"Slovenia","SI",1,"noncommunication",31
210,2006,25,"Slovenia","SI",2,"nonconformity",21
211,2007,1,"Belgium","BE",1,"noncommunication",30
212,2007,1,"Belgium","BE",2,"nonconformity",33
213,2007,2,"France","FR",1,"noncommunication",42
214,2007,2,"France","FR",2,"nonconformity",31
215,2007,3,"Germany","DE",1,"noncommunication",22
216,2007,3,"Germany","DE",2,"nonconformity",37
217,2007,4,"Italy","IT",1,"noncommunication",60
218,2007,4,"Italy","IT",2,"nonconformity",46
219,2007,5,"Luxembourg","LU",1,"noncommunication",40
220,2007,5,"Luxembourg","LU",2,"nonconformity",13
221,2007,6,"Netherlands","NL",1,"noncommunication",25
222,2007,6,"Netherlands","NL",2,"nonconformity",17
223,2007,7,"Denmark","DK",1,"noncommunication",24
224,2007,7,"Denmark","DK",2,"nonconformity",9
225,2007,8,"Ireland","IE",1,"noncommunication",29
226,2007,8,"Ireland","IE",2,"nonconformity",26
227,2007,9,"United Kingdom","UK",1,"noncommunication",44
228,2007,9,"United Kingdom","UK",2,"nonconformity",31
229,2007,10,"Greece","EL",1,"noncommunication",46
230,2007,10,"Greece","EL",2,"nonconformity",44
231,2007,11,"Portugal","PT",1,"noncommunication",62
232,2007,11,"Portugal","PT",2,"nonconformity",24
233,2007,12,"Spain","ES",1,"noncommunication",26
234,2007,12,"Spain","ES",2,"nonconformity",30
235,2007,13,"Austria","AT",1,"noncommunication",36
236,2007,13,"Austria","AT",2,"nonconformity",20
237,2007,14,"Finland","FI",1,"noncommunication",52
238,2007,14,"Finland","FI",2,"nonconformity",13
239,2007,15,"Sweden","SE",1,"noncommunication",41
240,2007,15,"Sweden","SE",2,"nonconformity",13
241,2007,16,"Cyprus","CY",1,"noncommunication",31
242,2007,16,"Cyprus","CY",2,"nonconformity",19
243,2007,17,"Czech Republic","CZ",1,"noncommunication",42
244,2007,17,"Czech Republic","CZ",2,"nonconformity",18
245,2007,18,"Estonia","EE",1,"noncommunication",34
246,2007,18,"Estonia","EE",2,"nonconformity",15
247,2007,19,"Hungary","HU",1,"noncommunication",40
248,2007,19,"Hungary","HU",2,"nonconformity",21
249,2007,20,"Latvia","LV",1,"noncommunication",34
250,2007,20,"Latvia","LV",2,"nonconformity",23
251,2007,21,"Lithuania","LT",1,"noncommunication",24
252,2007,21,"Lithuania","LT",2,"nonconformity",13
253,2007,22,"Malta","MT",1,"noncommunication",44
254,2007,22,"Malta","MT",2,"nonconformity",21
255,2007,23,"Poland","PL",1,"noncommunication",46
256,2007,23,"Poland","PL",2,"nonconformity",28
257,2007,24,"Slovakia","SK",1,"noncommunication",29
258,2007,24,"Slovakia","SK",2,"nonconformity",19
259,2007,25,"Slovenia","SI",1,"noncommunication",40
260,2007,25,"Slovenia","SI",2,"nonconformity",17
261,2007,26,"Bulgaria","BG",1,"noncommunication",70
262,2007,26,"Bulgaria","BG",2,"nonconformity",15
263,2007,27,"Romania","RO",1,"noncommunication",186
264,2007,27,"Romania","RO",2,"nonconformity",10
265,2008,1,"Belgium","BE",1,"noncommunication",32
266,2008,1,"Belgium","BE",2,"nonconformity",47
267,2008,2,"France","FR",1,"noncommunication",33
268,2008,2,"France","FR",2,"nonconformity",23
269,2008,3,"Germany","DE",1,"noncommunication",22
270,2008,3,"Germany","DE",2,"nonconformity",24
271,2008,4,"Italy","IT",1,"noncommunication",40
272,2008,4,"Italy","IT",2,"nonconformity",36
273,2008,5,"Luxembourg","LU",1,"noncommunication",31
274,2008,5,"Luxembourg","LU",2,"nonconformity",13
275,2008,6,"Netherlands","NL",1,"noncommunication",15
276,2008,6,"Netherlands","NL",2,"nonconformity",20
277,2008,7,"Denmark","DK",1,"noncommunication",22
278,2008,7,"Denmark","DK",2,"nonconformity",14
279,2008,8,"Ireland","IE",1,"noncommunication",34
280,2008,8,"Ireland","IE",2,"nonconformity",18
281,2008,9,"United Kingdom","UK",1,"noncommunication",41
282,2008,9,"United Kingdom","UK",2,"nonconformity",19
283,2008,10,"Greece","EL",1,"noncommunication",38
284,2008,10,"Greece","EL",2,"nonconformity",28
285,2008,11,"Portugal","PT",1,"noncommunication",46
286,2008,11,"Portugal","PT",2,"nonconformity",19
287,2008,12,"Spain","ES",1,"noncommunication",32
288,2008,12,"Spain","ES",2,"nonconformity",31
289,2008,13,"Austria","AT",1,"noncommunication",31
290,2008,13,"Austria","AT",2,"nonconformity",16
291,2008,14,"Finland","FI",1,"noncommunication",39
292,2008,14,"Finland","FI",2,"nonconformity",8
293,2008,15,"Sweden","SE",1,"noncommunication",23
294,2008,15,"Sweden","SE",2,"nonconformity",16
295,2008,16,"Cyprus","CY",1,"noncommunication",48
296,2008,16,"Cyprus","CY",2,"nonconformity",11
297,2008,17,"Czech Republic","CZ",1,"noncommunication",46
298,2008,17,"Czech Republic","CZ",2,"nonconformity",15
299,2008,18,"Estonia","EE",1,"noncommunication",21
300,2008,18,"Estonia","EE",2,"nonconformity",9
301,2008,19,"Hungary","HU",1,"noncommunication",38
302,2008,19,"Hungary","HU",2,"nonconformity",13
303,2008,20,"Latvia","LV",1,"noncommunication",19
304,2008,20,"Latvia","LV",2,"nonconformity",11
305,2008,21,"Lithuania","LT",1,"noncommunication",17
306,2008,21,"Lithuania","LT",2,"nonconformity",8
307,2008,22,"Malta","MT",1,"noncommunication",27
308,2008,22,"Malta","MT",2,"nonconformity",13
309,2008,23,"Poland","PL",1,"noncommunication",38
310,2008,23,"Poland","PL",2,"nonconformity",17
311,2008,24,"Slovakia","SK",1,"noncommunication",18
312,2008,24,"Slovakia","SK",2,"nonconformity",19
313,2008,25,"Slovenia","SI",1,"noncommunication",23
314,2008,25,"Slovenia","SI",2,"nonconformity",10
315,2008,26,"Bulgaria","BG",1,"noncommunication",17
316,2008,26,"Bulgaria","BG",2,"nonconformity",28
317,2008,27,"Romania","RO",1,"noncommunication",25
318,2008,27,"Romania","RO",2,"nonconformity",15
319,2009,1,"Belgium","BE",1,"noncommunication",18
320,2009,1,"Belgium","BE",2,"nonconformity",36
321,2009,2,"France","FR",1,"noncommunication",22
322,2009,2,"France","FR",2,"nonconformity",23
323,2009,3,"Germany","DE",1,"noncommunication",13
324,2009,3,"Germany","DE",2,"nonconformity",23
325,2009,4,"Italy","IT",1,"noncommunication",32
326,2009,4,"Italy","IT",2,"nonconformity",30
327,2009,5,"Luxembourg","LU",1,"noncommunication",26
328,2009,5,"Luxembourg","LU",2,"nonconformity",14
329,2009,6,"Netherlands","NL",1,"noncommunication",10
330,2009,6,"Netherlands","NL",2,"nonconformity",13
331,2009,7,"Denmark","DK",1,"noncommunication",11
332,2009,7,"Denmark","DK",2,"nonconformity",9
333,2009,8,"Ireland","IE",1,"noncommunication",19
334,2009,8,"Ireland","IE",2,"nonconformity",9
335,2009,9,"United Kingdom","UK",1,"noncommunication",25
336,2009,9,"United Kingdom","UK",2,"nonconformity",22
337,2009,10,"Greece","EL",1,"noncommunication",30
338,2009,10,"Greece","EL",2,"nonconformity",37
339,2009,11,"Portugal","PT",1,"noncommunication",27
340,2009,11,"Portugal","PT",2,"nonconformity",19
341,2009,12,"Spain","ES",1,"noncommunication",18
342,2009,12,"Spain","ES",2,"nonconformity",30
343,2009,13,"Austria","AT",1,"noncommunication",27
344,2009,13,"Austria","AT",2,"nonconformity",13
345,2009,14,"Finland","FI",1,"noncommunication",28
346,2009,14,"Finland","FI",2,"nonconformity",5
347,2009,15,"Sweden","SE",1,"noncommunication",15
348,2009,15,"Sweden","SE",2,"nonconformity",10
349,2009,16,"Cyprus","CY",1,"noncommunication",27
350,2009,16,"Cyprus","CY",2,"nonconformity",6
351,2009,17,"Czech Republic","CZ",1,"noncommunication",30
352,2009,17,"Czech Republic","CZ",2,"nonconformity",11
353,2009,18,"Estonia","EE",1,"noncommunication",18
354,2009,18,"Estonia","EE",2,"nonconformity",3
355,2009,19,"Hungary","HU",1,"noncommunication",27
356,2009,19,"Hungary","HU",2,"nonconformity",16
357,2009,20,"Latvia","LV",1,"noncommunication",16
358,2009,20,"Latvia","LV",2,"nonconformity",8
359,2009,21,"Lithuania","LT",1,"noncommunication",14
360,2009,21,"Lithuania","LT",2,"nonconformity",7
361,2009,22,"Malta","MT",1,"noncommunication",16
362,2009,22,"Malta","MT",2,"nonconformity",11
363,2009,23,"Poland","PL",1,"noncommunication",32
364,2009,23,"Poland","PL",2,"nonconformity",15
365,2009,24,"Slovakia","SK",1,"noncommunication",14
366,2009,24,"Slovakia","SK",2,"nonconformity",13
367,2009,25,"Slovenia","SI",1,"noncommunication",15
368,2009,25,"Slovenia","SI",2,"nonconformity",7
369,2009,26,"Bulgaria","BG",1,"noncommunication",9
370,2009,26,"Bulgaria","BG",2,"nonconformity",22
371,2009,27,"Romania","RO",1,"noncommunication",10
372,2009,27,"Romania","RO",2,"nonconformity",23
373,2010,1,"Belgium","BE",1,"noncommunication",14
374,2010,1,"Belgium","BE",2,"nonconformity",13
375,2010,2,"France","FR",1,"noncommunication",28
376,2010,2,"France","FR",2,"nonconformity",13
377,2010,3,"Germany","DE",1,"noncommunication",21
378,2010,3,"Germany","DE",2,"nonconformity",6
379,2010,4,"Italy","IT",1,"noncommunication",55
380,2010,4,"Italy","IT",2,"nonconformity",13
381,2010,5,"Luxembourg","LU",1,"noncommunication",33
382,2010,5,"Luxembourg","LU",2,"nonconformity",9
383,2010,6,"Netherlands","NL",1,"noncommunication",18
384,2010,6,"Netherlands","NL",2,"nonconformity",9
385,2010,7,"Denmark","DK",1,"noncommunication",14
386,2010,7,"Denmark","DK",2,"nonconformity",5
387,2010,8,"Ireland","IE",1,"noncommunication",31
388,2010,8,"Ireland","IE",2,"nonconformity",6
389,2010,9,"United Kingdom","UK",1,"noncommunication",35
390,2010,9,"United Kingdom","UK",2,"nonconformity",10
391,2010,10,"Greece","EL",1,"noncommunication",49
392,2010,10,"Greece","EL",2,"nonconformity",23
393,2010,11,"Portugal","PT",1,"noncommunication",41
394,2010,11,"Portugal","PT",2,"nonconformity",11
395,2010,12,"Spain","ES",1,"noncommunication",44
396,2010,12,"Spain","ES",2,"nonconformity",16
397,2010,13,"Austria","AT",1,"noncommunication",29
398,2010,13,"Austria","AT",2,"nonconformity",6
399,2010,14,"Finland","FI",1,"noncommunication",49
400,2010,14,"Finland","FI",2,"nonconformity",2
401,2010,15,"Sweden","SE",1,"noncommunication",21
402,2010,15,"Sweden","SE",2,"nonconformity",5
403,2010,16,"Cyprus","CY",1,"noncommunication",44
404,2010,16,"Cyprus","CY",2,"nonconformity",10
405,2010,17,"Czech Republic","CZ",1,"noncommunication",41
406,2010,17,"Czech Republic","CZ",2,"nonconformity",2
407,2010,18,"Estonia","EE",1,"noncommunication",21
408,2010,18,"Estonia","EE",2,"nonconformity",5
409,2010,19,"Hungary","HU",1,"noncommunication",57
410,2010,19,"Hungary","HU",2,"nonconformity",6
411,2010,20,"Latvia","LV",1,"noncommunication",18
412,2010,20,"Latvia","LV",2,"nonconformity",8
413,2010,21,"Lithuania","LT",1,"noncommunication",15
414,2010,21,"Lithuania","LT",2,"nonconformity",2
415,2010,22,"Malta","MT",1,"noncommunication",19
416,2010,22,"Malta","MT",2,"nonconformity",4
417,2010,23,"Poland","PL",1,"noncommunication",39
418,2010,23,"Poland","PL",2,"nonconformity",15
419,2010,24,"Slovakia","SK",1,"noncommunication",14
420,2010,24,"Slovakia","SK",2,"nonconformity",9
421,2010,25,"Slovenia","SI",1,"noncommunication",30
422,2010,25,"Slovenia","SI",2,"nonconformity",6
423,2010,26,"Bulgaria","BG",1,"noncommunication",29
424,2010,26,"Bulgaria","BG",2,"nonconformity",6
425,2010,27,"Romania","RO",1,"noncommunication",46
426,2010,27,"Romania","RO",2,"nonconformity",13
427,2011,1,"Belgium","BE",1,"noncommunication",45
428,2011,1,"Belgium","BE",2,"nonconformity",5
429,2011,2,"France","FR",1,"noncommunication",42
430,2011,2,"France","FR",2,"nonconformity",11
431,2011,3,"Germany","DE",1,"noncommunication",31
432,2011,3,"Germany","DE",2,"nonconformity",10
433,2011,4,"Italy","IT",1,"noncommunication",73
434,2011,4,"Italy","IT",2,"nonconformity",30
435,2011,5,"Luxembourg","LU",1,"noncommunication",44
436,2011,5,"Luxembourg","LU",2,"nonconformity",10
437,2011,6,"Netherlands","NL",1,"noncommunication",32
438,2011,6,"Netherlands","NL",2,"nonconformity",5
439,2011,7,"Denmark","DK",1,"noncommunication",28
440,2011,7,"Denmark","DK",2,"nonconformity",5
441,2011,8,"Ireland","IE",1,"noncommunication",28
442,2011,8,"Ireland","IE",2,"nonconformity",5
443,2011,9,"United Kingdom","UK",1,"noncommunication",57
444,2011,9,"United Kingdom","UK",2,"nonconformity",8
445,2011,10,"Greece","EL",1,"noncommunication",55
446,2011,10,"Greece","EL",2,"nonconformity",21
447,2011,11,"Portugal","PT",1,"noncommunication",50
448,2011,11,"Portugal","PT",2,"nonconformity",17
449,2011,12,"Spain","ES",1,"noncommunication",43
450,2011,12,"Spain","ES",2,"nonconformity",15
451,2011,13,"Austria","AT",1,"noncommunication",46
452,2011,13,"Austria","AT",2,"nonconformity",6
453,2011,14,"Finland","FI",1,"noncommunication",62
454,2011,14,"Finland","FI",2,"nonconformity",6
455,2011,15,"Sweden","SE",1,"noncommunication",31
456,2011,15,"Sweden","SE",2,"nonconformity",4
457,2011,16,"Cyprus","CY",1,"noncommunication",63
458,2011,16,"Cyprus","CY",2,"nonconformity",7
459,2011,17,"Czech Republic","CZ",1,"noncommunication",54
460,2011,17,"Czech Republic","CZ",2,"nonconformity",8
461,2011,18,"Estonia","EE",1,"noncommunication",28
462,2011,18,"Estonia","EE",2,"nonconformity",4
463,2011,19,"Hungary","HU",1,"noncommunication",70
464,2011,19,"Hungary","HU",2,"nonconformity",10
465,2011,20,"Latvia","LV",1,"noncommunication",24
466,2011,20,"Latvia","LV",2,"nonconformity",3
467,2011,21,"Lithuania","LT",1,"noncommunication",34
468,2011,21,"Lithuania","LT",2,"nonconformity",6
469,2011,22,"Malta","MT",1,"noncommunication",40
470,2011,22,"Malta","MT",2,"nonconformity",10
471,2011,23,"Poland","PL",1,"noncommunication",44
472,2011,23,"Poland","PL",2,"nonconformity",19
473,2011,24,"Slovakia","SK",1,"noncommunication",36
474,2011,24,"Slovakia","SK",2,"nonconformity",6
475,2011,25,"Slovenia","SI",1,"noncommunication",43
476,2011,25,"Slovenia","SI",2,"nonconformity",10
477,2011,26,"Bulgaria","BG",1,"noncommunication",36
478,2011,26,"Bulgaria","BG",2,"nonconformity",6
479,2011,27,"Romania","RO",1,"noncommunication",46
480,2011,27,"Romania","RO",2,"nonconformity",7
481,2012,1,"Belgium","BE",1,"noncommunication",21
482,2012,1,"Belgium","BE",2,"nonconformity",11
483,2012,2,"France","FR",1,"noncommunication",14
484,2012,2,"France","FR",2,"nonconformity",20
485,2012,3,"Germany","DE",1,"noncommunication",12
486,2012,3,"Germany","DE",2,"nonconformity",15
487,2012,4,"Italy","IT",1,"noncommunication",36
488,2012,4,"Italy","IT",2,"nonconformity",19
489,2012,5,"Luxembourg","LU",1,"noncommunication",12
490,2012,5,"Luxembourg","LU",2,"nonconformity",7
491,2012,6,"Netherlands","NL",1,"noncommunication",6
492,2012,6,"Netherlands","NL",2,"nonconformity",9
493,2012,7,"Denmark","DK",1,"noncommunication",17
494,2012,7,"Denmark","DK",2,"nonconformity",6
495,2012,8,"Ireland","IE",1,"noncommunication",8
496,2012,8,"Ireland","IE",2,"nonconformity",4
497,2012,9,"United Kingdom","UK",1,"noncommunication",24
498,2012,9,"United Kingdom","UK",2,"nonconformity",9
499,2012,10,"Greece","EL",1,"noncommunication",22
500,2012,10,"Greece","EL",2,"nonconformity",14
501,2012,11,"Portugal","PT",1,"noncommunication",34
502,2012,11,"Portugal","PT",2,"nonconformity",5
503,2012,12,"Spain","ES",1,"noncommunication",16
504,2012,12,"Spain","ES",2,"nonconformity",16
505,2012,13,"Austria","AT",1,"noncommunication",24
506,2012,13,"Austria","AT",2,"nonconformity",10
507,2012,14,"Finland","FI",1,"noncommunication",21
508,2012,14,"Finland","FI",2,"nonconformity",7
509,2012,15,"Sweden","SE",1,"noncommunication",6
510,2012,15,"Sweden","SE",2,"nonconformity",4
511,2012,16,"Cyprus","CY",1,"noncommunication",24
512,2012,16,"Cyprus","CY",2,"nonconformity",3
513,2012,17,"Czech Republic","CZ",1,"noncommunication",13
514,2012,17,"Czech Republic","CZ",2,"nonconformity",9
515,2012,18,"Estonia","EE",1,"noncommunication",5
516,2012,18,"Estonia","EE",2,"nonconformity",8
517,2012,19,"Hungary","HU",1,"noncommunication",26
518,2012,19,"Hungary","HU",2,"nonconformity",12
519,2012,20,"Latvia","LV",1,"noncommunication",10
520,2012,20,"Latvia","LV",2,"nonconformity",9
521,2012,21,"Lithuania","LT",1,"noncommunication",10
522,2012,21,"Lithuania","LT",2,"nonconformity",3
523,2012,22,"Malta","MT",1,"noncommunication",18
524,2012,22,"Malta","MT",2,"nonconformity",4
525,2012,23,"Poland","PL",1,"noncommunication",18
526,2012,23,"Poland","PL",2,"nonconformity",7
527,2012,24,"Slovakia","SK",1,"noncommunication",7
528,2012,24,"Slovakia","SK",2,"nonconformity",13
529,2012,25,"Slovenia","SI",1,"noncommunication",16
530,2012,25,"Slovenia","SI",2,"nonconformity",11
531,2012,26,"Bulgaria","BG",1,"noncommunication",13
532,2012,26,"Bulgaria","BG",2,"nonconformity",13
533,2012,27,"Romania","RO",1,"noncommunication",15
534,2012,27,"Romania","RO",2,"nonconformity",14
535,2013,1,"Belgium","BE",1,"noncommunication",23
536,2013,1,"Belgium","BE",2,"nonconformity",15
537,2013,2,"France","FR",1,"noncommunication",15
538,2013,2,"France","FR",2,"nonconformity",25
539,2013,3,"Germany","DE",1,"noncommunication",19
540,2013,3,"Germany","DE",2,"nonconformity",17
541,2013,4,"Italy","IT",1,"noncommunication",28
542,2013,4,"Italy","IT",2,"nonconformity",27
543,2013,5,"Luxembourg","LU",1,"noncommunication",22
544,2013,5,"Luxembourg","LU",2,"nonconformity",6
545,2013,6,"Netherlands","NL",1,"noncommunication",9
546,2013,6,"Netherlands","NL",2,"nonconformity",8
547,2013,7,"Denmark","DK",1,"noncommunication",16
548,2013,7,"Denmark","DK",2,"nonconformity",5
549,2013,8,"Ireland","IE",1,"noncommunication",10
550,2013,8,"Ireland","IE",2,"nonconformity",8
551,2013,9,"United Kingdom","UK",1,"noncommunication",20
552,2013,9,"United Kingdom","UK",2,"nonconformity",6
553,2013,10,"Greece","EL",1,"noncommunication",22
554,2013,10,"Greece","EL",2,"nonconformity",19
555,2013,11,"Portugal","PT",1,"noncommunication",25
556,2013,11,"Portugal","PT",2,"nonconformity",14
557,2013,12,"Spain","ES",1,"noncommunication",20
558,2013,12,"Spain","ES",2,"nonconformity",23
559,2013,13,"Austria","AT",1,"noncommunication",19
560,2013,13,"Austria","AT",2,"nonconformity",16
561,2013,14,"Finland","FI",1,"noncommunication",17
562,2013,14,"Finland","FI",2,"nonconformity",5
563,2013,15,"Sweden","SE",1,"noncommunication",9
564,2013,15,"Sweden","SE",2,"nonconformity",4
565,2013,16,"Cyprus","CY",1,"noncommunication",28
566,2013,16,"Cyprus","CY",2,"nonconformity",10
567,2013,17,"Czech Republic","CZ",1,"noncommunication",12
568,2013,17,"Czech Republic","CZ",2,"nonconformity",13
569,2013,18,"Estonia","EE",1,"noncommunication",11
570,2013,18,"Estonia","EE",2,"nonconformity",7
571,2013,19,"Hungary","HU",1,"noncommunication",21
572,2013,19,"Hungary","HU",2,"nonconformity",10
573,2013,20,"Latvia","LV",1,"noncommunication",13
574,2013,20,"Latvia","LV",2,"nonconformity",8
575,2013,21,"Lithuania","LT",1,"noncommunication",14
576,2013,21,"Lithuania","LT",2,"nonconformity",9
577,2013,22,"Malta","MT",1,"noncommunication",13
578,2013,22,"Malta","MT",2,"nonconformity",4
579,2013,23,"Poland","PL",1,"noncommunication",15
580,2013,23,"Poland","PL",2,"nonconformity",18
581,2013,24,"Slovakia","SK",1,"noncommunication",15
582,2013,24,"Slovakia","SK",2,"nonconformity",11
583,2013,25,"Slovenia","SI",1,"noncommunication",27
584,2013,25,"Slovenia","SI",2,"nonconformity",3
585,2013,26,"Bulgaria","BG",1,"noncommunication",13
586,2013,26,"Bulgaria","BG",2,"nonconformity",10
587,2013,27,"Romania","RO",1,"noncommunication",21
588,2013,27,"Romania","RO",2,"nonconformity",11
589,2013,28,"Croatia","HR",1,"noncommunication",4
590,2013,28,"Croatia","HR",2,"nonconformity",0
591,2014,1,"Belgium","BE",1,"noncommunication",40
592,2014,1,"Belgium","BE",2,"nonconformity",16
593,2014,2,"France","FR",1,"noncommunication",19
594,2014,2,"France","FR",2,"nonconformity",15
595,2014,3,"Germany","DE",1,"noncommunication",27
596,2014,3,"Germany","DE",2,"nonconformity",17
597,2014,4,"Italy","IT",1,"noncommunication",23
598,2014,4,"Italy","IT",2,"nonconformity",23
599,2014,5,"Luxembourg","LU",1,"noncommunication",17
600,2014,5,"Luxembourg","LU",2,"nonconformity",10
601,2014,6,"Netherlands","NL",1,"noncommunication",9
602,2014,6,"Netherlands","NL",2,"nonconformity",7
603,2014,7,"Denmark","DK",1,"noncommunication",19
604,2014,7,"Denmark","DK",2,"nonconformity",6
605,2014,8,"Ireland","IE",1,"noncommunication",8
606,2014,8,"Ireland","IE",2,"nonconformity",7
607,2014,9,"United Kingdom","UK",1,"noncommunication",20
608,2014,9,"United Kingdom","UK",2,"nonconformity",12
609,2014,10,"Greece","EL",1,"noncommunication",34
610,2014,10,"Greece","EL",2,"nonconformity",12
611,2014,11,"Portugal","PT",1,"noncommunication",22
612,2014,11,"Portugal","PT",2,"nonconformity",10
613,2014,12,"Spain","ES",1,"noncommunication",24
614,2014,12,"Spain","ES",2,"nonconformity",24
615,2014,13,"Austria","AT",1,"noncommunication",26
616,2014,13,"Austria","AT",2,"nonconformity",4
617,2014,14,"Finland","FI",1,"noncommunication",17
618,2014,14,"Finland","FI",2,"nonconformity",4
619,2014,15,"Sweden","SE",1,"noncommunication",7
620,2014,15,"Sweden","SE",2,"nonconformity",8
621,2014,16,"Cyprus","CY",1,"noncommunication",31
622,2014,16,"Cyprus","CY",2,"nonconformity",8
623,2014,17,"Czech Republic","CZ",1,"noncommunication",18
624,2014,17,"Czech Republic","CZ",2,"nonconformity",6
625,2014,18,"Estonia","EE",1,"noncommunication",10
626,2014,18,"Estonia","EE",2,"nonconformity",2
627,2014,19,"Hungary","HU",1,"noncommunication",26
628,2014,19,"Hungary","HU",2,"nonconformity",13
629,2014,20,"Latvia","LV",1,"noncommunication",11
630,2014,20,"Latvia","LV",2,"nonconformity",3
631,2014,21,"Lithuania","LT",1,"noncommunication",13
632,2014,21,"Lithuania","LT",2,"nonconformity",3
633,2014,22,"Malta","MT",1,"noncommunication",13
634,2014,22,"Malta","MT",2,"nonconformity",2
635,2014,23,"Poland","PL",1,"noncommunication",18
636,2014,23,"Poland","PL",2,"nonconformity",8
637,2014,24,"Slovakia","SK",1,"noncommunication",12
638,2014,24,"Slovakia","SK",2,"nonconformity",8
639,2014,25,"Slovenia","SI",1,"noncommunication",29
640,2014,25,"Slovenia","SI",2,"nonconformity",5
641,2014,26,"Bulgaria","BG",1,"noncommunication",41
642,2014,26,"Bulgaria","BG",2,"nonconformity",6
643,2014,27,"Romania","RO",1,"noncommunication",37
644,2014,27,"Romania","RO",2,"nonconformity",9
645,2014,28,"Croatia","HR",1,"noncommunication",13
646,2014,28,"Croatia","HR",2,"nonconformity",7
647,2015,1,"Belgium","BE",1,"noncommunication",28
648,2015,1,"Belgium","BE",2,"nonconformity",7
649,2015,2,"France","FR",1,"noncommunication",22
650,2015,2,"France","FR",2,"nonconformity",9
651,2015,3,"Germany","DE",1,"noncommunication",21
652,2015,3,"Germany","DE",2,"nonconformity",12
653,2015,4,"Italy","IT",1,"noncommunication",17
654,2015,4,"Italy","IT",2,"nonconformity",9
655,2015,5,"Luxembourg","LU",1,"noncommunication",22
656,2015,5,"Luxembourg","LU",2,"nonconformity",3
657,2015,6,"Netherlands","NL",1,"noncommunication",11
658,2015,6,"Netherlands","NL",2,"nonconformity",1
659,2015,7,"Denmark","DK",1,"noncommunication",15
660,2015,7,"Denmark","DK",2,"nonconformity",2
661,2015,8,"Ireland","IE",1,"noncommunication",15
662,2015,8,"Ireland","IE",2,"nonconformity",2
663,2015,9,"United Kingdom","UK",1,"noncommunication",16
664,2015,9,"United Kingdom","UK",2,"nonconformity",5
665,2015,10,"Greece","EL",1,"noncommunication",32
666,2015,10,"Greece","EL",2,"nonconformity",6
667,2015,11,"Portugal","PT",1,"noncommunication",18
668,2015,11,"Portugal","PT",2,"nonconformity",10
669,2015,12,"Spain","ES",1,"noncommunication",16
670,2015,12,"Spain","ES",2,"nonconformity",13
671,2015,13,"Austria","AT",1,"noncommunication",14
672,2015,13,"Austria","AT",2,"nonconformity",7
673,2015,14,"Finland","FI",1,"noncommunication",18
674,2015,14,"Finland","FI",2,"nonconformity",3
675,2015,15,"Sweden","SE",1,"noncommunication",23
676,2015,15,"Sweden","SE",2,"nonconformity",5
677,2015,16,"Cyprus","CY",1,"noncommunication",37
678,2015,16,"Cyprus","CY",2,"nonconformity",6
679,2015,17,"Czech Republic","CZ",1,"noncommunication",17
680,2015,17,"Czech Republic","CZ",2,"nonconformity",4
681,2015,18,"Estonia","EE",1,"noncommunication",15
682,2015,18,"Estonia","EE",2,"nonconformity",0
683,2015,19,"Hungary","HU",1,"noncommunication",17
684,2015,19,"Hungary","HU",2,"nonconformity",9
685,2015,20,"Latvia","LV",1,"noncommunication",16
686,2015,20,"Latvia","LV",2,"nonconformity",3
687,2015,21,"Lithuania","LT",1,"noncommunication",16
688,2015,21,"Lithuania","LT",2,"nonconformity",5
689,2015,22,"Malta","MT",1,"noncommunication",20
690,2015,22,"Malta","MT",2,"nonconformity",3
691,2015,23,"Poland","PL",1,"noncommunication",22
692,2015,23,"Poland","PL",2,"nonconformity",5
693,2015,24,"Slovakia","SK",1,"noncommunication",15
694,2015,24,"Slovakia","SK",2,"nonconformity",7
695,2015,25,"Slovenia","SI",1,"noncommunication",29
696,2015,25,"Slovenia","SI",2,"nonconformity",3
697,2015,26,"Bulgaria","BG",1,"noncommunication",20
698,2015,26,"Bulgaria","BG",2,"nonconformity",5
699,2015,27,"Romania","RO",1,"noncommunication",22
700,2015,27,"Romania","RO",2,"nonconformity",6
701,2015,28,"Croatia","HR",1,"noncommunication",6
702,2015,28,"Croatia","HR",2,"nonconformity",11
703,2016,1,"Belgium","BE",1,"noncommunication",43
704,2016,1,"Belgium","BE",2,"nonconformity",7
705,2016,2,"France","FR",1,"noncommunication",33
706,2016,2,"France","FR",2,"nonconformity",6
707,2016,3,"Germany","DE",1,"noncommunication",21
708,2016,3,"Germany","DE",2,"nonconformity",9
709,2016,4,"Italy","IT",1,"noncommunication",15
710,2016,4,"Italy","IT",2,"nonconformity",3
711,2016,5,"Luxembourg","LU",1,"noncommunication",37
712,2016,5,"Luxembourg","LU",2,"nonconformity",5
713,2016,6,"Netherlands","NL",1,"noncommunication",20
714,2016,6,"Netherlands","NL",2,"nonconformity",4
715,2016,7,"Denmark","DK",1,"noncommunication",28
716,2016,7,"Denmark","DK",2,"nonconformity",4
717,2016,8,"Ireland","IE",1,"noncommunication",37
718,2016,8,"Ireland","IE",2,"nonconformity",5
719,2016,9,"United Kingdom","UK",1,"noncommunication",25
720,2016,9,"United Kingdom","UK",2,"nonconformity",4
721,2016,10,"Greece","EL",1,"noncommunication",36
722,2016,10,"Greece","EL",2,"nonconformity",7
723,2016,11,"Portugal","PT",1,"noncommunication",51
724,2016,11,"Portugal","PT",2,"nonconformity",10
725,2016,12,"Spain","ES",1,"noncommunication",34
726,2016,12,"Spain","ES",2,"nonconformity",11
727,2016,13,"Austria","AT",1,"noncommunication",40
728,2016,13,"Austria","AT",2,"nonconformity",7
729,2016,14,"Finland","FI",1,"noncommunication",36
730,2016,14,"Finland","FI",2,"nonconformity",4
731,2016,15,"Sweden","SE",1,"noncommunication",22
732,2016,15,"Sweden","SE",2,"nonconformity",2
733,2016,16,"Cyprus","CY",1,"noncommunication",44
734,2016,16,"Cyprus","CY",2,"nonconformity",1
735,2016,17,"Czech Republic","CZ",1,"noncommunication",33
736,2016,17,"Czech Republic","CZ",2,"nonconformity",11
737,2016,18,"Estonia","EE",1,"noncommunication",18
738,2016,18,"Estonia","EE",2,"nonconformity",2
739,2016,19,"Hungary","HU",1,"noncommunication",36
740,2016,19,"Hungary","HU",2,"nonconformity",10
741,2016,20,"Latvia","LV",1,"noncommunication",20
742,2016,20,"Latvia","LV",2,"nonconformity",2
743,2016,21,"Lithuania","LT",1,"noncommunication",29
744,2016,21,"Lithuania","LT",2,"nonconformity",5
745,2016,22,"Malta","MT",1,"noncommunication",19
746,2016,22,"Malta","MT",2,"nonconformity",2
747,2016,23,"Poland","PL",1,"noncommunication",36
748,2016,23,"Poland","PL",2,"nonconformity",7
749,2016,24,"Slovakia","SK",1,"noncommunication",15
750,2016,24,"Slovakia","SK",2,"nonconformity",8
751,2016,25,"Slovenia","SI",1,"noncommunication",33
752,2016,25,"Slovenia","SI",2,"nonconformity",5
753,2016,26,"Bulgaria","BG",1,"noncommunication",27
754,2016,26,"Bulgaria","BG",2,"nonconformity",4
755,2016,27,"Romania","RO",1,"noncommunication",35
756,2016,27,"Romania","RO",2,"nonconformity",4
757,2016,28,"Croatia","HR",1,"noncommunication",25
758,2016,28,"Croatia","HR",2,"nonconformity",7
759,2017,1,"Belgium","BE",1,"noncommunication",23
760,2017,1,"Belgium","BE",2,"nonconformity",8
761,2017,2,"France","FR",1,"noncommunication",15
762,2017,2,"France","FR",2,"nonconformity",7
763,2017,3,"Germany","DE",1,"noncommunication",19
764,2017,3,"Germany","DE",2,"nonconformity",3
765,2017,4,"Italy","IT",1,"noncommunication",7
766,2017,4,"Italy","IT",2,"nonconformity",10
767,2017,5,"Luxembourg","LU",1,"noncommunication",22
768,2017,5,"Luxembourg","LU",2,"nonconformity",2
769,2017,6,"Netherlands","NL",1,"noncommunication",9
770,2017,6,"Netherlands","NL",2,"nonconformity",8
771,2017,7,"Denmark","DK",1,"noncommunication",15
772,2017,7,"Denmark","DK",2,"nonconformity",5
773,2017,8,"Ireland","IE",1,"noncommunication",21
774,2017,8,"Ireland","IE",2,"nonconformity",10
775,2017,9,"United Kingdom","UK",1,"noncommunication",29
776,2017,9,"United Kingdom","UK",2,"nonconformity",4
777,2017,10,"Greece","EL",1,"noncommunication",22
778,2017,10,"Greece","EL",2,"nonconformity",10
779,2017,11,"Portugal","PT",1,"noncommunication",36
780,2017,11,"Portugal","PT",2,"nonconformity",9
781,2017,12,"Spain","ES",1,"noncommunication",16
782,2017,12,"Spain","ES",2,"nonconformity",9
783,2017,13,"Austria","AT",1,"noncommunication",22
784,2017,13,"Austria","AT",2,"nonconformity",8
785,2017,14,"Finland","FI",1,"noncommunication",24
786,2017,14,"Finland","FI",2,"nonconformity",1
787,2017,15,"Sweden","SE",1,"noncommunication",16
788,2017,15,"Sweden","SE",2,"nonconformity",3
789,2017,16,"Cyprus","CY",1,"noncommunication",35
790,2017,16,"Cyprus","CY",2,"nonconformity",8
791,2017,17,"Czech Republic","CZ",1,"noncommunication",25
792,2017,17,"Czech Republic","CZ",2,"nonconformity",7
793,2017,18,"Estonia","EE",1,"noncommunication",16
794,2017,18,"Estonia","EE",2,"nonconformity",1
795,2017,19,"Hungary","HU",1,"noncommunication",13
796,2017,19,"Hungary","HU",2,"nonconformity",6
797,2017,20,"Latvia","LV",1,"noncommunication",20
798,2017,20,"Latvia","LV",2,"nonconformity",4
799,2017,21,"Lithuania","LT",1,"noncommunication",11
800,2017,21,"Lithuania","LT",2,"nonconformity",0
801,2017,22,"Malta","MT",1,"noncommunication",16
802,2017,22,"Malta","MT",2,"nonconformity",3
803,2017,23,"Poland","PL",1,"noncommunication",21
804,2017,23,"Poland","PL",2,"nonconformity",11
805,2017,24,"Slovakia","SK",1,"noncommunication",14
806,2017,24,"Slovakia","SK",2,"nonconformity",3
807,2017,25,"Slovenia","SI",1,"noncommunication",20
808,2017,25,"Slovenia","SI",2,"nonconformity",8
809,2017,26,"Bulgaria","BG",1,"noncommunication",26
810,2017,26,"Bulgaria","BG",2,"nonconformity",7
811,2017,27,"Romania","RO",1,"noncommunication",19
812,2017,27,"Romania","RO",2,"nonconformity",8
813,2017,28,"Croatia","HR",1,"noncommunication",26
814,2017,28,"Croatia","HR",2,"nonconformity",6
815,2018,1,"Belgium","BE",1,"noncommunication",20
816,2018,1,"Belgium","BE",2,"nonconformity",8
817,2018,2,"France","FR",1,"noncommunication",18
818,2018,2,"France","FR",2,"nonconformity",13
819,2018,3,"Germany","DE",1,"noncommunication",14
820,2018,3,"Germany","DE",2,"nonconformity",12
821,2018,4,"Italy","IT",1,"noncommunication",11
822,2018,4,"Italy","IT",2,"nonconformity",19
823,2018,5,"Luxembourg","LU",1,"noncommunication",26
824,2018,5,"Luxembourg","LU",2,"nonconformity",9
825,2018,6,"Netherlands","NL",1,"noncommunication",9
826,2018,6,"Netherlands","NL",2,"nonconformity",10
827,2018,7,"Denmark","DK",1,"noncommunication",9
828,2018,7,"Denmark","DK",2,"nonconformity",9
829,2018,8,"Ireland","IE",1,"noncommunication",17
830,2018,8,"Ireland","IE",2,"nonconformity",11
831,2018,9,"United Kingdom","UK",1,"noncommunication",18
832,2018,9,"United Kingdom","UK",2,"nonconformity",15
833,2018,10,"Greece","EL",1,"noncommunication",17
834,2018,10,"Greece","EL",2,"nonconformity",16
835,2018,11,"Portugal","PT",1,"noncommunication",13
836,2018,11,"Portugal","PT",2,"nonconformity",12
837,2018,12,"Spain","ES",1,"noncommunication",17
838,2018,12,"Spain","ES",2,"nonconformity",19
839,2018,13,"Austria","AT",1,"noncommunication",19
840,2018,13,"Austria","AT",2,"nonconformity",10
841,2018,14,"Finland","FI",1,"noncommunication",11
842,2018,14,"Finland","FI",2,"nonconformity",9
843,2018,15,"Sweden","SE",1,"noncommunication",17
844,2018,15,"Sweden","SE",2,"nonconformity",9
845,2018,16,"Cyprus","CY",1,"noncommunication",27
846,2018,16,"Cyprus","CY",2,"nonconformity",16
847,2018,17,"Czech Republic","CZ",1,"noncommunication",22
848,2018,17,"Czech Republic","CZ",2,"nonconformity",11
849,2018,18,"Estonia","EE",1,"noncommunication",7
850,2018,18,"Estonia","EE",2,"nonconformity",10
851,2018,19,"Hungary","HU",1,"noncommunication",12
852,2018,19,"Hungary","HU",2,"nonconformity",16
853,2018,20,"Latvia","LV",1,"noncommunication",11
854,2018,20,"Latvia","LV",2,"nonconformity",10
855,2018,21,"Lithuania","LT",1,"noncommunication",12
856,2018,21,"Lithuania","LT",2,"nonconformity",9
857,2018,22,"Malta","MT",1,"noncommunication",13
858,2018,22,"Malta","MT",2,"nonconformity",13
859,2018,23,"Poland","PL",1,"noncommunication",16
860,2018,23,"Poland","PL",2,"nonconformity",19
861,2018,24,"Slovakia","SK",1,"noncommunication",10
862,2018,24,"Slovakia","SK",2,"nonconformity",11
863,2018,25,"Slovenia","SI",1,"noncommunication",15
864,2018,25,"Slovenia","SI",2,"nonconformity",11
865,2018,26,"Bulgaria","BG",1,"noncommunication",19
866,2018,26,"Bulgaria","BG",2,"nonconformity",11
867,2018,27,"Romania","RO",1,"noncommunication",21
868,2018,27,"Romania","RO",2,"nonconformity",16
869,2018,28,"Croatia","HR",1,"noncommunication",9
870,2018,28,"Croatia","HR",2,"nonconformity",11
871,2019,1,"Belgium","BE",1,"noncommunication",22
872,2019,1,"Belgium","BE",2,"nonconformity",6
873,2019,2,"France","FR",1,"noncommunication",10
874,2019,2,"France","FR",2,"nonconformity",9
875,2019,3,"Germany","DE",1,"noncommunication",10
876,2019,3,"Germany","DE",2,"nonconformity",8
877,2019,4,"Italy","IT",1,"noncommunication",10
878,2019,4,"Italy","IT",2,"nonconformity",9
879,2019,5,"Luxembourg","LU",1,"noncommunication",12
880,2019,5,"Luxembourg","LU",2,"nonconformity",4
881,2019,6,"Netherlands","NL",1,"noncommunication",7
882,2019,6,"Netherlands","NL",2,"nonconformity",6
883,2019,7,"Denmark","DK",1,"noncommunication",11
884,2019,7,"Denmark","DK",2,"nonconformity",5
885,2019,8,"Ireland","IE",1,"noncommunication",22
886,2019,8,"Ireland","IE",2,"nonconformity",6
887,2019,9,"United Kingdom","UK",1,"noncommunication",21
888,2019,9,"United Kingdom","UK",2,"nonconformity",3
889,2019,10,"Greece","EL",1,"noncommunication",19
890,2019,10,"Greece","EL",2,"nonconformity",10
891,2019,11,"Portugal","PT",1,"noncommunication",17
892,2019,11,"Portugal","PT",2,"nonconformity",9
893,2019,12,"Spain","ES",1,"noncommunication",10
894,2019,12,"Spain","ES",2,"nonconformity",9
895,2019,13,"Austria","AT",1,"noncommunication",13
896,2019,13,"Austria","AT",2,"nonconformity",9
897,2019,14,"Finland","FI",1,"noncommunication",6
898,2019,14,"Finland","FI",2,"nonconformity",5
899,2019,15,"Sweden","SE",1,"noncommunication",13
900,2019,15,"Sweden","SE",2,"nonconformity",7
901,2019,16,"Cyprus","CY",1,"noncommunication",31
902,2019,16,"Cyprus","CY",2,"nonconformity",5
903,2019,17,"Czech Republic","CZ",1,"noncommunication",19
904,2019,17,"Czech Republic","CZ",2,"nonconformity",5
905,2019,18,"Estonia","EE",1,"noncommunication",12
906,2019,18,"Estonia","EE",2,"nonconformity",7
907,2019,19,"Hungary","HU",1,"noncommunication",16
908,2019,19,"Hungary","HU",2,"nonconformity",10
909,2019,20,"Latvia","LV",1,"noncommunication",12
910,2019,20,"Latvia","LV",2,"nonconformity",7
911,2019,21,"Lithuania","LT",1,"noncommunication",5
912,2019,21,"Lithuania","LT",2,"nonconformity",5
913,2019,22,"Malta","MT",1,"noncommunication",13
914,2019,22,"Malta","MT",2,"nonconformity",10
915,2019,23,"Poland","PL",1,"noncommunication",14
916,2019,23,"Poland","PL",2,"nonconformity",11
917,2019,24,"Slovakia","SK",1,"noncommunication",10
918,2019,24,"Slovakia","SK",2,"nonconformity",6
919,2019,25,"Slovenia","SI",1,"noncommunication",14
920,2019,25,"Slovenia","SI",2,"nonconformity",8
921,2019,26,"Bulgaria","BG",1,"noncommunication",19
922,2019,26,"Bulgaria","BG",2,"nonconformity",13
923,2019,27,"Romania","RO",1,"noncommunication",17
924,2019,27,"Romania","RO",2,"nonconformity",13
925,2019,28,"Croatia","HR",1,"noncommunication",8
926,2019,28,"Croatia","HR",2,"nonconformity",12
927,2020,1,"Belgium","BE",1,"noncommunication",7
928,2020,1,"Belgium","BE",2,"nonconformity",0
929,2020,2,"France","FR",1,"noncommunication",5
930,2020,2,"France","FR",2,"nonconformity",0
931,2020,3,"Germany","DE",1,"noncommunication",6
932,2020,3,"Germany","DE",2,"nonconformity",1
933,2020,4,"Italy","IT",1,"noncommunication",6
934,2020,4,"Italy","IT",2,"nonconformity",0
935,2020,5,"Luxembourg","LU",1,"noncommunication",4
936,2020,5,"Luxembourg","LU",2,"nonconformity",0
937,2020,6,"Netherlands","NL",1,"noncommunication",2
938,2020,6,"Netherlands","NL",2,"nonconformity",0
939,2020,7,"Denmark","DK",1,"noncommunication",3
940,2020,7,"Denmark","DK",2,"nonconformity",0
941,2020,8,"Ireland","IE",1,"noncommunication",3
942,2020,8,"Ireland","IE",2,"nonconformity",0
943,2020,9,"United Kingdom","UK",1,"noncommunication",8
944,2020,9,"United Kingdom","UK",2,"nonconformity",0
945,2020,10,"Greece","EL",1,"noncommunication",7
946,2020,10,"Greece","EL",2,"nonconformity",1
947,2020,11,"Portugal","PT",1,"noncommunication",10
948,2020,11,"Portugal","PT",2,"nonconformity",0
949,2020,12,"Spain","ES",1,"noncommunication",9
950,2020,12,"Spain","ES",2,"nonconformity",0
951,2020,13,"Austria","AT",1,"noncommunication",0
952,2020,13,"Austria","AT",2,"nonconformity",0
953,2020,14,"Finland","FI",1,"noncommunication",0
954,2020,14,"Finland","FI",2,"nonconformity",0
955,2020,15,"Sweden","SE",1,"noncommunication",2
956,2020,15,"Sweden","SE",2,"nonconformity",0
957,2020,16,"Cyprus","CY",1,"noncommunication",10
958,2020,16,"Cyprus","CY",2,"nonconformity",0
959,2020,17,"Czech Republic","CZ",1,"noncommunication",4
960,2020,17,"Czech Republic","CZ",2,"nonconformity",0
961,2020,18,"Estonia","EE",1,"noncommunication",3
962,2020,18,"Estonia","EE",2,"nonconformity",0
963,2020,19,"Hungary","HU",1,"noncommunication",3
964,2020,19,"Hungary","HU",2,"nonconformity",0
965,2020,20,"Latvia","LV",1,"noncommunication",4
966,2020,20,"Latvia","LV",2,"nonconformity",0
967,2020,21,"Lithuania","LT",1,"noncommunication",1
968,2020,21,"Lithuania","LT",2,"nonconformity",0
969,2020,22,"Malta","MT",1,"noncommunication",2
970,2020,22,"Malta","MT",2,"nonconformity",1
971,2020,23,"Poland","PL",1,"noncommunication",10
972,2020,23,"Poland","PL",2,"nonconformity",1
973,2020,24,"Slovakia","SK",1,"noncommunication",3
974,2020,24,"Slovakia","SK",2,"nonconformity",0
975,2020,25,"Slovenia","SI",1,"noncommunication",6
976,2020,25,"Slovenia","SI",2,"nonconformity",0
977,2020,26,"Bulgaria","BG",1,"noncommunication",3
978,2020,26,"Bulgaria","BG",2,"nonconformity",0
979,2020,27,"Romania","RO",1,"noncommunication",9
980,2020,27,"Romania","RO",2,"nonconformity",2
981,2020,28,"Croatia","HR",1,"noncommunication",4
982,2020,28,"Croatia","HR",2,"nonconformity",0
