"key_ID","year","directorate_general_ID","directorate_general","directorate_general_code","case_type_ID","case_type","count_LFN258","count_RO258","count_RF258","count_LFN260","count_RO260","count_RF260"
1,2002,1,"Agriculture and Rural Development","AGRI",1,"noncommunication",0,0,0,0,0,0
2,2002,1,"Agriculture and Rural Development","AGRI",2,"nonconformity",3,1,0,0,0,0
3,2002,2,"Budget","BUDG",1,"noncommunication",0,0,0,0,0,0
4,2002,2,"Budget","BUDG",2,"nonconformity",8,2,0,0,0,0
5,2002,3,"Climate Action","CLIMA",1,"noncommunication",0,0,0,0,0,0
6,2002,3,"Climate Action","CLIMA",2,"nonconformity",0,0,0,0,0,0
7,2002,4,"Communication Networks, Content and Technology","CONNECT",1,"noncommunication",0,0,0,0,0,0
8,2002,4,"Communication Networks, Content and Technology","CONNECT",2,"nonconformity",20,7,2,0,0,0
9,2002,5,"Competition","COMP",1,"noncommunication",0,1,1,0,0,0
10,2002,5,"Competition","COMP",2,"nonconformity",4,1,0,1,1,0
11,2002,6,"Defence Industry and Space","DEFIS",1,"noncommunication",0,0,0,0,0,0
12,2002,6,"Defence Industry and Space","DEFIS",2,"nonconformity",0,0,0,0,0,0
13,2002,7,"Economic and Financial Affairs","ECFIN",1,"noncommunication",0,0,0,0,0,0
14,2002,7,"Economic and Financial Affairs","ECFIN",2,"nonconformity",0,0,0,0,0,0
15,2002,8,"Education, Youth, Sport and Culture","EAC",1,"noncommunication",0,0,0,0,0,0
16,2002,8,"Education, Youth, Sport and Culture","EAC",2,"nonconformity",4,0,1,0,0,0
17,2002,9,"Employment, Social Affairs and Inclusion","EMPL",1,"noncommunication",28,8,3,1,0,0
18,2002,9,"Employment, Social Affairs and Inclusion","EMPL",2,"nonconformity",18,4,1,2,0,0
19,2002,10,"Energy","ENER",1,"noncommunication",6,3,0,0,0,0
20,2002,10,"Energy","ENER",2,"nonconformity",6,1,0,0,0,0
21,2002,11,"Enterprise and Industry","ENTR",1,"noncommunication",172,38,8,0,0,0
22,2002,11,"Enterprise and Industry","ENTR",2,"nonconformity",13,3,1,0,0,0
23,2002,12,"Environment","ENV",1,"noncommunication",64,29,1,0,0,0
24,2002,12,"Environment","ENV",2,"nonconformity",156,37,17,17,1,0
25,2002,13,"European Neighbourhood and Enlargement Negotiations","NEAR",1,"noncommunication",0,0,0,0,0,0
26,2002,13,"European Neighbourhood and Enlargement Negotiations","NEAR",2,"nonconformity",0,0,0,0,0,0
27,2002,14,"Eurostat","EUROSTAT",1,"noncommunication",6,0,0,0,0,0
28,2002,14,"Eurostat","EUROSTAT",2,"nonconformity",1,0,0,0,0,0
29,2002,15,"External Relations","RELEX",1,"noncommunication",0,0,0,0,0,0
30,2002,15,"External Relations","RELEX",2,"nonconformity",0,0,0,0,0,0
31,2002,16,"Financial Stability, Financial Services and Capital Markets Union","FISMA",1,"noncommunication",0,0,0,0,0,0
32,2002,16,"Financial Stability, Financial Services and Capital Markets Union","FISMA",2,"nonconformity",0,0,0,0,0,0
33,2002,17,"Health and Consumers","SANCO",1,"noncommunication",207,59,11,3,2,0
34,2002,17,"Health and Consumers","SANCO",2,"nonconformity",10,0,1,2,1,1
35,2002,18,"Health and Food Safety","SANTE",1,"noncommunication",0,0,0,0,0,0
36,2002,18,"Health and Food Safety","SANTE",2,"nonconformity",0,0,0,0,0,0
37,2002,19,"Human Resources and Security","HR",1,"noncommunication",0,0,0,0,0,0
38,2002,19,"Human Resources and Security","HR",2,"nonconformity",0,0,0,0,0,0
39,2002,20,"Internal Market and Services","MARKT",1,"noncommunication",50,31,2,0,0,0
40,2002,20,"Internal Market and Services","MARKT",2,"nonconformity",104,22,15,5,2,0
41,2002,21,"Internal Market, Industry, Entrepreneurship and SMEs","GROW",1,"noncommunication",0,0,0,0,0,0
42,2002,21,"Internal Market, Industry, Entrepreneurship and SMEs","GROW",2,"nonconformity",0,0,0,0,0,0
43,2002,22,"Justice and Consumers","JUST",1,"noncommunication",0,0,0,0,0,0
44,2002,22,"Justice and Consumers","JUST",2,"nonconformity",5,4,3,0,0,0
45,2002,23,"Legal Service","SJ",1,"noncommunication",0,0,0,0,0,0
46,2002,23,"Legal Service","SJ",2,"nonconformity",0,0,0,0,0,0
47,2002,24,"Maritime Affairs and Fisheries","MARE",1,"noncommunication",0,0,0,0,0,0
48,2002,24,"Maritime Affairs and Fisheries","MARE",2,"nonconformity",4,0,0,0,0,0
49,2002,25,"Migration and Home Affairs","HOME",1,"noncommunication",0,0,0,0,0,0
50,2002,25,"Migration and Home Affairs","HOME",2,"nonconformity",1,0,0,0,0,0
51,2002,26,"Mobility and Transport","MOVE",1,"noncommunication",53,16,0,2,0,0
52,2002,26,"Mobility and Transport","MOVE",2,"nonconformity",5,1,4,1,0,0
53,2002,27,"Regional and Urban Policy","REGIO",1,"noncommunication",0,0,0,0,0,0
54,2002,27,"Regional and Urban Policy","REGIO",2,"nonconformity",0,0,0,0,0,0
55,2002,28,"Secretariat-General","SG",1,"noncommunication",0,0,0,0,0,0
56,2002,28,"Secretariat-General","SG",2,"nonconformity",0,0,0,0,0,0
57,2002,29,"Taxation and Customs Union","TAXUD",1,"noncommunication",27,2,0,0,0,0
58,2002,29,"Taxation and Customs Union","TAXUD",2,"nonconformity",26,4,1,6,2,0
59,2002,30,"Trade","TRADE",1,"noncommunication",0,0,0,0,0,0
60,2002,30,"Trade","TRADE",2,"nonconformity",0,0,0,0,0,0
61,2003,1,"Agriculture and Rural Development","AGRI",1,"noncommunication",40,0,0,0,0,0
62,2003,1,"Agriculture and Rural Development","AGRI",2,"nonconformity",7,1,1,0,0,0
63,2003,2,"Budget","BUDG",1,"noncommunication",0,0,0,0,0,0
64,2003,2,"Budget","BUDG",2,"nonconformity",14,3,3,0,0,0
65,2003,3,"Climate Action","CLIMA",1,"noncommunication",0,0,0,0,0,0
66,2003,3,"Climate Action","CLIMA",2,"nonconformity",0,0,0,0,0,0
67,2003,4,"Communication Networks, Content and Technology","CONNECT",1,"noncommunication",41,28,0,0,0,0
68,2003,4,"Communication Networks, Content and Technology","CONNECT",2,"nonconformity",4,2,3,0,0,0
69,2003,5,"Competition","COMP",1,"noncommunication",9,7,0,0,0,0
70,2003,5,"Competition","COMP",2,"nonconformity",0,1,1,1,0,0
71,2003,6,"Defence Industry and Space","DEFIS",1,"noncommunication",0,0,0,0,0,0
72,2003,6,"Defence Industry and Space","DEFIS",2,"nonconformity",0,0,0,0,0,0
73,2003,7,"Economic and Financial Affairs","ECFIN",1,"noncommunication",0,0,0,0,0,0
74,2003,7,"Economic and Financial Affairs","ECFIN",2,"nonconformity",0,0,0,1,0,0
75,2003,8,"Education, Youth, Sport and Culture","EAC",1,"noncommunication",0,0,0,0,0,0
76,2003,8,"Education, Youth, Sport and Culture","EAC",2,"nonconformity",1,1,0,0,0,0
77,2003,9,"Employment, Social Affairs and Inclusion","EMPL",1,"noncommunication",43,14,12,0,0,0
78,2003,9,"Employment, Social Affairs and Inclusion","EMPL",2,"nonconformity",15,7,3,2,1,0
79,2003,10,"Energy","ENER",1,"noncommunication",29,3,1,0,0,0
80,2003,10,"Energy","ENER",2,"nonconformity",5,2,2,0,0,0
81,2003,11,"Enterprise and Industry","ENTR",1,"noncommunication",176,36,18,0,0,0
82,2003,11,"Enterprise and Industry","ENTR",2,"nonconformity",36,10,4,1,1,1
83,2003,12,"Environment","ENV",1,"noncommunication",73,51,46,3,0,0
84,2003,12,"Environment","ENV",2,"nonconformity",164,59,23,14,8,0
85,2003,13,"European Neighbourhood and Enlargement Negotiations","NEAR",1,"noncommunication",0,0,0,0,0,0
86,2003,13,"European Neighbourhood and Enlargement Negotiations","NEAR",2,"nonconformity",0,0,0,0,0,0
87,2003,14,"Eurostat","EUROSTAT",1,"noncommunication",0,0,0,0,0,0
88,2003,14,"Eurostat","EUROSTAT",2,"nonconformity",0,1,1,0,0,0
89,2003,15,"External Relations","RELEX",1,"noncommunication",0,0,0,0,0,0
90,2003,15,"External Relations","RELEX",2,"nonconformity",1,0,0,0,0,0
91,2003,16,"Financial Stability, Financial Services and Capital Markets Union","FISMA",1,"noncommunication",0,0,0,0,0,0
92,2003,16,"Financial Stability, Financial Services and Capital Markets Union","FISMA",2,"nonconformity",0,0,0,0,0,0
93,2003,17,"Health and Consumers","SANCO",1,"noncommunication",440,83,19,0,0,0
94,2003,17,"Health and Consumers","SANCO",2,"nonconformity",9,4,0,0,0,0
95,2003,18,"Health and Food Safety","SANTE",1,"noncommunication",0,0,0,0,0,0
96,2003,18,"Health and Food Safety","SANTE",2,"nonconformity",0,0,0,0,0,0
97,2003,19,"Human Resources and Security","HR",1,"noncommunication",0,0,0,0,0,0
98,2003,19,"Human Resources and Security","HR",2,"nonconformity",1,1,0,0,0,0
99,2003,20,"Internal Market and Services","MARKT",1,"noncommunication",103,34,21,2,1,0
100,2003,20,"Internal Market and Services","MARKT",2,"nonconformity",94,32,15,10,1,1
101,2003,21,"Internal Market, Industry, Entrepreneurship and SMEs","GROW",1,"noncommunication",0,0,0,0,0,0
102,2003,21,"Internal Market, Industry, Entrepreneurship and SMEs","GROW",2,"nonconformity",0,0,0,0,0,0
103,2003,22,"Justice and Consumers","JUST",1,"noncommunication",3,0,0,0,0,0
104,2003,22,"Justice and Consumers","JUST",2,"nonconformity",4,0,1,0,0,0
105,2003,23,"Legal Service","SJ",1,"noncommunication",0,0,0,0,0,0
106,2003,23,"Legal Service","SJ",2,"nonconformity",2,1,1,0,0,0
107,2003,24,"Maritime Affairs and Fisheries","MARE",1,"noncommunication",0,0,0,0,0,0
108,2003,24,"Maritime Affairs and Fisheries","MARE",2,"nonconformity",12,0,1,1,0,0
109,2003,25,"Migration and Home Affairs","HOME",1,"noncommunication",11,11,0,0,0,0
110,2003,25,"Migration and Home Affairs","HOME",2,"nonconformity",0,0,0,0,0,0
111,2003,26,"Mobility and Transport","MOVE",1,"noncommunication",145,78,41,3,1,1
112,2003,26,"Mobility and Transport","MOVE",2,"nonconformity",9,3,0,0,0,0
113,2003,27,"Regional and Urban Policy","REGIO",1,"noncommunication",0,0,0,0,0,0
114,2003,27,"Regional and Urban Policy","REGIO",2,"nonconformity",0,0,0,0,0,0
115,2003,28,"Secretariat-General","SG",1,"noncommunication",0,0,0,0,0,0
116,2003,28,"Secretariat-General","SG",2,"nonconformity",0,0,0,0,0,0
117,2003,29,"Taxation and Customs Union","TAXUD",1,"noncommunication",20,5,1,0,0,0
118,2003,29,"Taxation and Customs Union","TAXUD",2,"nonconformity",39,8,2,1,0,0
119,2003,30,"Trade","TRADE",1,"noncommunication",0,0,0,0,0,0
120,2003,30,"Trade","TRADE",2,"nonconformity",0,0,0,0,0,0
121,2004,1,"Agriculture and Rural Development","AGRI",1,"noncommunication",8,2,0,0,0,0
122,2004,1,"Agriculture and Rural Development","AGRI",2,"nonconformity",2,4,3,0,0,0
123,2004,2,"Budget","BUDG",1,"noncommunication",0,0,0,0,0,0
124,2004,2,"Budget","BUDG",2,"nonconformity",2,10,4,0,0,0
125,2004,3,"Climate Action","CLIMA",1,"noncommunication",0,0,0,0,0,0
126,2004,3,"Climate Action","CLIMA",2,"nonconformity",0,0,0,0,0,0
127,2004,4,"Communication Networks, Content and Technology","CONNECT",1,"noncommunication",11,8,30,0,0,0
128,2004,4,"Communication Networks, Content and Technology","CONNECT",2,"nonconformity",11,1,0,0,0,0
129,2004,5,"Competition","COMP",1,"noncommunication",17,0,5,0,0,0
130,2004,5,"Competition","COMP",2,"nonconformity",8,0,1,2,2,0
131,2004,6,"Defence Industry and Space","DEFIS",1,"noncommunication",0,0,0,0,0,0
132,2004,6,"Defence Industry and Space","DEFIS",2,"nonconformity",0,0,0,0,0,0
133,2004,7,"Economic and Financial Affairs","ECFIN",1,"noncommunication",0,0,0,0,0,0
134,2004,7,"Economic and Financial Affairs","ECFIN",2,"nonconformity",0,0,0,1,1,0
135,2004,8,"Education, Youth, Sport and Culture","EAC",1,"noncommunication",0,0,0,0,0,0
136,2004,8,"Education, Youth, Sport and Culture","EAC",2,"nonconformity",5,0,0,0,0,0
137,2004,9,"Employment, Social Affairs and Inclusion","EMPL",1,"noncommunication",67,27,18,1,0,0
138,2004,9,"Employment, Social Affairs and Inclusion","EMPL",2,"nonconformity",27,9,5,1,2,1
139,2004,10,"Energy","ENER",1,"noncommunication",49,0,1,1,0,0
140,2004,10,"Energy","ENER",2,"nonconformity",6,6,1,0,0,0
141,2004,11,"Enterprise and Industry","ENTR",1,"noncommunication",256,24,5,1,1,0
142,2004,11,"Enterprise and Industry","ENTR",2,"nonconformity",36,25,5,6,0,0
143,2004,12,"Environment","ENV",1,"noncommunication",143,35,23,2,0,0
144,2004,12,"Environment","ENV",2,"nonconformity",119,65,34,13,3,0
145,2004,13,"European Neighbourhood and Enlargement Negotiations","NEAR",1,"noncommunication",0,0,0,0,0,0
146,2004,13,"European Neighbourhood and Enlargement Negotiations","NEAR",2,"nonconformity",0,0,0,0,0,0
147,2004,14,"Eurostat","EUROSTAT",1,"noncommunication",17,1,0,0,0,0
148,2004,14,"Eurostat","EUROSTAT",2,"nonconformity",3,0,0,0,0,0
149,2004,15,"External Relations","RELEX",1,"noncommunication",2,0,0,0,0,0
150,2004,15,"External Relations","RELEX",2,"nonconformity",3,0,0,0,0,0
151,2004,16,"Financial Stability, Financial Services and Capital Markets Union","FISMA",1,"noncommunication",0,0,0,0,0,0
152,2004,16,"Financial Stability, Financial Services and Capital Markets Union","FISMA",2,"nonconformity",3,0,0,0,0,0
153,2004,17,"Health and Consumers","SANCO",1,"noncommunication",458,37,13,2,0,0
154,2004,17,"Health and Consumers","SANCO",2,"nonconformity",4,2,2,0,0,0
155,2004,18,"Health and Food Safety","SANTE",1,"noncommunication",0,0,0,0,0,0
156,2004,18,"Health and Food Safety","SANTE",2,"nonconformity",2,1,0,0,0,0
157,2004,19,"Human Resources and Security","HR",1,"noncommunication",0,0,0,0,0,0
158,2004,19,"Human Resources and Security","HR",2,"nonconformity",0,0,1,1,0,0
159,2004,20,"Internal Market and Services","MARKT",1,"noncommunication",296,28,23,0,0,0
160,2004,20,"Internal Market and Services","MARKT",2,"nonconformity",123,60,24,2,5,4
161,2004,21,"Internal Market, Industry, Entrepreneurship and SMEs","GROW",1,"noncommunication",0,0,0,0,0,0
162,2004,21,"Internal Market, Industry, Entrepreneurship and SMEs","GROW",2,"nonconformity",0,0,0,0,0,0
163,2004,22,"Justice and Consumers","JUST",1,"noncommunication",9,6,6,0,0,0
164,2004,22,"Justice and Consumers","JUST",2,"nonconformity",7,4,0,0,0,0
165,2004,23,"Legal Service","SJ",1,"noncommunication",0,0,0,0,0,0
166,2004,23,"Legal Service","SJ",2,"nonconformity",1,1,0,0,0,0
167,2004,24,"Maritime Affairs and Fisheries","MARE",1,"noncommunication",8,0,0,0,0,0
168,2004,24,"Maritime Affairs and Fisheries","MARE",2,"nonconformity",4,5,0,0,0,0
169,2004,25,"Migration and Home Affairs","HOME",1,"noncommunication",6,0,11,0,0,0
170,2004,25,"Migration and Home Affairs","HOME",2,"nonconformity",0,1,0,0,0,0
171,2004,26,"Mobility and Transport","MOVE",1,"noncommunication",112,57,35,0,0,0
172,2004,26,"Mobility and Transport","MOVE",2,"nonconformity",34,7,1,9,0,0
173,2004,27,"Regional and Urban Policy","REGIO",1,"noncommunication",0,0,0,0,0,0
174,2004,27,"Regional and Urban Policy","REGIO",2,"nonconformity",0,0,0,0,0,0
175,2004,28,"Secretariat-General","SG",1,"noncommunication",0,0,0,0,0,0
176,2004,28,"Secretariat-General","SG",2,"nonconformity",0,0,0,0,0,0
177,2004,29,"Taxation and Customs Union","TAXUD",1,"noncommunication",94,10,3,0,0,0
178,2004,29,"Taxation and Customs Union","TAXUD",2,"nonconformity",36,22,8,0,0,0
179,2004,30,"Trade","TRADE",1,"noncommunication",6,0,0,0,0,0
180,2004,30,"Trade","TRADE",2,"nonconformity",0,0,0,0,0,0
181,2005,1,"Agriculture and Rural Development","AGRI",1,"noncommunication",0,0,0,0,0,0
182,2005,1,"Agriculture and Rural Development","AGRI",2,"nonconformity",1,1,0,0,0,0
183,2005,2,"Budget","BUDG",1,"noncommunication",0,0,0,0,0,0
184,2005,2,"Budget","BUDG",2,"nonconformity",8,3,7,0,0,0
185,2005,3,"Climate Action","CLIMA",1,"noncommunication",0,0,0,0,0,0
186,2005,3,"Climate Action","CLIMA",2,"nonconformity",0,0,0,0,0,0
187,2005,4,"Communication Networks, Content and Technology","CONNECT",1,"noncommunication",16,1,0,0,0,0
188,2005,4,"Communication Networks, Content and Technology","CONNECT",2,"nonconformity",52,17,0,0,0,0
189,2005,5,"Competition","COMP",1,"noncommunication",1,4,0,2,0,0
190,2005,5,"Competition","COMP",2,"nonconformity",3,4,0,1,0,0
191,2005,6,"Defence Industry and Space","DEFIS",1,"noncommunication",0,0,0,0,0,0
192,2005,6,"Defence Industry and Space","DEFIS",2,"nonconformity",0,0,0,0,0,0
193,2005,7,"Economic and Financial Affairs","ECFIN",1,"noncommunication",0,0,0,0,0,0
194,2005,7,"Economic and Financial Affairs","ECFIN",2,"nonconformity",0,0,0,0,0,0
195,2005,8,"Education, Youth, Sport and Culture","EAC",1,"noncommunication",0,0,0,0,0,0
196,2005,8,"Education, Youth, Sport and Culture","EAC",2,"nonconformity",0,1,0,0,0,0
197,2005,9,"Employment, Social Affairs and Inclusion","EMPL",1,"noncommunication",34,24,2,2,0,0
198,2005,9,"Employment, Social Affairs and Inclusion","EMPL",2,"nonconformity",29,11,2,2,0,1
199,2005,10,"Energy","ENER",1,"noncommunication",20,31,13,1,1,0
200,2005,10,"Energy","ENER",2,"nonconformity",48,6,4,0,0,0
201,2005,11,"Enterprise and Industry","ENTR",1,"noncommunication",214,70,11,0,0,1
202,2005,11,"Enterprise and Industry","ENTR",2,"nonconformity",45,14,6,4,1,0
203,2005,12,"Environment","ENV",1,"noncommunication",94,92,33,6,3,0
204,2005,12,"Environment","ENV",2,"nonconformity",134,50,18,18,4,0
205,2005,13,"European Neighbourhood and Enlargement Negotiations","NEAR",1,"noncommunication",0,0,0,0,0,0
206,2005,13,"European Neighbourhood and Enlargement Negotiations","NEAR",2,"nonconformity",1,0,0,0,0,0
207,2005,14,"Eurostat","EUROSTAT",1,"noncommunication",0,0,0,0,0,0
208,2005,14,"Eurostat","EUROSTAT",2,"nonconformity",0,0,0,0,0,0
209,2005,15,"External Relations","RELEX",1,"noncommunication",0,0,0,0,0,0
210,2005,15,"External Relations","RELEX",2,"nonconformity",0,1,0,0,0,0
211,2005,16,"Financial Stability, Financial Services and Capital Markets Union","FISMA",1,"noncommunication",0,0,0,0,0,0
212,2005,16,"Financial Stability, Financial Services and Capital Markets Union","FISMA",2,"nonconformity",0,3,3,0,0,0
213,2005,17,"Health and Consumers","SANCO",1,"noncommunication",380,83,27,1,2,0
214,2005,17,"Health and Consumers","SANCO",2,"nonconformity",5,2,2,0,0,0
215,2005,18,"Health and Food Safety","SANTE",1,"noncommunication",0,0,0,0,0,0
216,2005,18,"Health and Food Safety","SANTE",2,"nonconformity",1,0,0,0,0,0
217,2005,19,"Human Resources and Security","HR",1,"noncommunication",0,0,0,0,0,0
218,2005,19,"Human Resources and Security","HR",2,"nonconformity",0,0,0,0,0,0
219,2005,20,"Internal Market and Services","MARKT",1,"noncommunication",92,111,15,9,3,0
220,2005,20,"Internal Market and Services","MARKT",2,"nonconformity",113,51,15,11,3,1
221,2005,21,"Internal Market, Industry, Entrepreneurship and SMEs","GROW",1,"noncommunication",0,0,0,0,0,0
222,2005,21,"Internal Market, Industry, Entrepreneurship and SMEs","GROW",2,"nonconformity",1,0,0,0,0,0
223,2005,22,"Justice and Consumers","JUST",1,"noncommunication",12,6,0,3,0,0
224,2005,22,"Justice and Consumers","JUST",2,"nonconformity",13,2,2,1,0,0
225,2005,23,"Legal Service","SJ",1,"noncommunication",0,0,0,0,0,0
226,2005,23,"Legal Service","SJ",2,"nonconformity",1,0,0,0,0,0
227,2005,24,"Maritime Affairs and Fisheries","MARE",1,"noncommunication",0,0,0,0,0,0
228,2005,24,"Maritime Affairs and Fisheries","MARE",2,"nonconformity",7,6,0,0,0,0
229,2005,25,"Migration and Home Affairs","HOME",1,"noncommunication",70,20,6,1,0,0
230,2005,25,"Migration and Home Affairs","HOME",2,"nonconformity",2,0,0,0,0,0
231,2005,26,"Mobility and Transport","MOVE",1,"noncommunication",93,49,7,11,5,0
232,2005,26,"Mobility and Transport","MOVE",2,"nonconformity",81,36,8,3,0,0
233,2005,27,"Regional and Urban Policy","REGIO",1,"noncommunication",0,0,0,0,0,0
234,2005,27,"Regional and Urban Policy","REGIO",2,"nonconformity",0,0,0,0,0,0
235,2005,28,"Secretariat-General","SG",1,"noncommunication",0,0,0,0,0,0
236,2005,28,"Secretariat-General","SG",2,"nonconformity",0,0,0,0,0,0
237,2005,29,"Taxation and Customs Union","TAXUD",1,"noncommunication",48,21,4,0,0,0
238,2005,29,"Taxation and Customs Union","TAXUD",2,"nonconformity",53,16,8,2,0,0
239,2005,30,"Trade","TRADE",1,"noncommunication",0,0,0,0,0,0
240,2005,30,"Trade","TRADE",2,"nonconformity",0,0,0,0,0,0
241,2006,1,"Agriculture and Rural Development","AGRI",1,"noncommunication",0,0,0,0,0,0
242,2006,1,"Agriculture and Rural Development","AGRI",2,"nonconformity",2,1,0,1,0,0
243,2006,2,"Budget","BUDG",1,"noncommunication",0,0,0,0,0,0
244,2006,2,"Budget","BUDG",2,"nonconformity",4,4,0,0,0,0
245,2006,3,"Climate Action","CLIMA",1,"noncommunication",0,0,0,0,0,0
246,2006,3,"Climate Action","CLIMA",2,"nonconformity",2,0,0,0,0,0
247,2006,4,"Communication Networks, Content and Technology","CONNECT",1,"noncommunication",0,8,8,0,0,0
248,2006,4,"Communication Networks, Content and Technology","CONNECT",2,"nonconformity",33,17,5,0,0,0
249,2006,5,"Competition","COMP",1,"noncommunication",0,4,0,1,1,0
250,2006,5,"Competition","COMP",2,"nonconformity",9,2,3,1,2,1
251,2006,6,"Defence Industry and Space","DEFIS",1,"noncommunication",0,0,0,0,0,0
252,2006,6,"Defence Industry and Space","DEFIS",2,"nonconformity",0,0,0,0,0,0
253,2006,7,"Economic and Financial Affairs","ECFIN",1,"noncommunication",0,0,0,0,0,0
254,2006,7,"Economic and Financial Affairs","ECFIN",2,"nonconformity",0,0,0,0,0,0
255,2006,8,"Education, Youth, Sport and Culture","EAC",1,"noncommunication",0,0,0,0,0,0
256,2006,8,"Education, Youth, Sport and Culture","EAC",2,"nonconformity",1,0,0,0,0,0
257,2006,9,"Employment, Social Affairs and Inclusion","EMPL",1,"noncommunication",37,10,17,2,0,0
258,2006,9,"Employment, Social Affairs and Inclusion","EMPL",2,"nonconformity",20,17,4,2,0,0
259,2006,10,"Energy","ENER",1,"noncommunication",54,21,2,1,0,0
260,2006,10,"Energy","ENER",2,"nonconformity",63,36,1,0,0,0
261,2006,11,"Enterprise and Industry","ENTR",1,"noncommunication",185,74,25,0,0,0
262,2006,11,"Enterprise and Industry","ENTR",2,"nonconformity",48,27,7,2,2,1
263,2006,12,"Environment","ENV",1,"noncommunication",21,15,23,2,0,1
264,2006,12,"Environment","ENV",2,"nonconformity",157,66,22,18,2,0
265,2006,13,"European Neighbourhood and Enlargement Negotiations","NEAR",1,"noncommunication",0,0,0,0,0,0
266,2006,13,"European Neighbourhood and Enlargement Negotiations","NEAR",2,"nonconformity",0,1,1,0,0,0
267,2006,14,"Eurostat","EUROSTAT",1,"noncommunication",0,0,0,0,0,0
268,2006,14,"Eurostat","EUROSTAT",2,"nonconformity",0,0,0,0,0,0
269,2006,15,"External Relations","RELEX",1,"noncommunication",0,0,0,0,0,0
270,2006,15,"External Relations","RELEX",2,"nonconformity",0,0,0,0,0,0
271,2006,16,"Financial Stability, Financial Services and Capital Markets Union","FISMA",1,"noncommunication",0,0,0,0,0,0
272,2006,16,"Financial Stability, Financial Services and Capital Markets Union","FISMA",2,"nonconformity",0,1,1,0,0,0
273,2006,17,"Health and Consumers","SANCO",1,"noncommunication",206,34,13,0,0,0
274,2006,17,"Health and Consumers","SANCO",2,"nonconformity",24,10,1,2,1,0
275,2006,18,"Health and Food Safety","SANTE",1,"noncommunication",0,0,0,0,0,0
276,2006,18,"Health and Food Safety","SANTE",2,"nonconformity",0,2,1,0,0,0
277,2006,19,"Human Resources and Security","HR",1,"noncommunication",0,0,0,0,0,0
278,2006,19,"Human Resources and Security","HR",2,"nonconformity",0,0,0,0,0,0
279,2006,20,"Internal Market and Services","MARKT",1,"noncommunication",116,76,20,3,1,0
280,2006,20,"Internal Market and Services","MARKT",2,"nonconformity",141,69,20,10,9,1
281,2006,21,"Internal Market, Industry, Entrepreneurship and SMEs","GROW",1,"noncommunication",0,0,0,0,0,0
282,2006,21,"Internal Market, Industry, Entrepreneurship and SMEs","GROW",2,"nonconformity",6,0,0,0,0,0
283,2006,22,"Justice and Consumers","JUST",1,"noncommunication",18,22,3,1,0,0
284,2006,22,"Justice and Consumers","JUST",2,"nonconformity",53,6,1,2,0,0
285,2006,23,"Legal Service","SJ",1,"noncommunication",0,0,0,0,0,0
286,2006,23,"Legal Service","SJ",2,"nonconformity",0,0,0,0,0,0
287,2006,24,"Maritime Affairs and Fisheries","MARE",1,"noncommunication",0,0,0,0,0,0
288,2006,24,"Maritime Affairs and Fisheries","MARE",2,"nonconformity",5,2,1,1,0,0
289,2006,25,"Migration and Home Affairs","HOME",1,"noncommunication",88,42,26,3,3,0
290,2006,25,"Migration and Home Affairs","HOME",2,"nonconformity",11,0,0,0,0,0
291,2006,26,"Mobility and Transport","MOVE",1,"noncommunication",151,69,17,3,0,2
292,2006,26,"Mobility and Transport","MOVE",2,"nonconformity",28,16,11,1,0,0
293,2006,27,"Regional and Urban Policy","REGIO",1,"noncommunication",0,0,0,0,0,0
294,2006,27,"Regional and Urban Policy","REGIO",2,"nonconformity",0,0,0,0,0,0
295,2006,28,"Secretariat-General","SG",1,"noncommunication",0,0,0,0,0,0
296,2006,28,"Secretariat-General","SG",2,"nonconformity",0,0,0,0,0,0
297,2006,29,"Taxation and Customs Union","TAXUD",1,"noncommunication",27,0,3,0,0,0
298,2006,29,"Taxation and Customs Union","TAXUD",2,"nonconformity",90,42,13,1,1,0
299,2006,30,"Trade","TRADE",1,"noncommunication",2,0,0,0,0,0
300,2006,30,"Trade","TRADE",2,"nonconformity",0,0,0,0,0,0
301,2007,1,"Agriculture and Rural Development","AGRI",1,"noncommunication",0,0,0,0,0,0
302,2007,1,"Agriculture and Rural Development","AGRI",2,"nonconformity",0,0,0,1,0,0
303,2007,2,"Budget","BUDG",1,"noncommunication",0,0,0,0,0,0
304,2007,2,"Budget","BUDG",2,"nonconformity",4,3,2,1,0,0
305,2007,3,"Climate Action","CLIMA",1,"noncommunication",0,0,0,0,0,0
306,2007,3,"Climate Action","CLIMA",2,"nonconformity",0,0,0,0,0,0
307,2007,4,"Communication Networks, Content and Technology","CONNECT",1,"noncommunication",10,0,0,0,0,0
308,2007,4,"Communication Networks, Content and Technology","CONNECT",2,"nonconformity",15,9,11,0,0,0
309,2007,5,"Competition","COMP",1,"noncommunication",5,0,0,0,0,1
310,2007,5,"Competition","COMP",2,"nonconformity",3,5,2,2,0,0
311,2007,6,"Defence Industry and Space","DEFIS",1,"noncommunication",0,0,0,0,0,0
312,2007,6,"Defence Industry and Space","DEFIS",2,"nonconformity",0,0,0,0,0,0
313,2007,7,"Economic and Financial Affairs","ECFIN",1,"noncommunication",0,0,0,0,0,0
314,2007,7,"Economic and Financial Affairs","ECFIN",2,"nonconformity",0,0,0,0,0,0
315,2007,8,"Education, Youth, Sport and Culture","EAC",1,"noncommunication",0,0,0,0,0,0
316,2007,8,"Education, Youth, Sport and Culture","EAC",2,"nonconformity",1,1,0,1,0,0
317,2007,9,"Employment, Social Affairs and Inclusion","EMPL",1,"noncommunication",24,15,2,0,0,0
318,2007,9,"Employment, Social Affairs and Inclusion","EMPL",2,"nonconformity",14,11,5,3,0,0
319,2007,10,"Energy","ENER",1,"noncommunication",25,5,1,2,2,0
320,2007,10,"Energy","ENER",2,"nonconformity",21,2,1,0,0,0
321,2007,11,"Enterprise and Industry","ENTR",1,"noncommunication",224,20,9,0,0,0
322,2007,11,"Enterprise and Industry","ENTR",2,"nonconformity",17,14,11,3,1,1
323,2007,12,"Environment","ENV",1,"noncommunication",126,8,1,6,2,0
324,2007,12,"Environment","ENV",2,"nonconformity",188,50,20,12,2,0
325,2007,13,"European Neighbourhood and Enlargement Negotiations","NEAR",1,"noncommunication",0,0,0,0,0,0
326,2007,13,"European Neighbourhood and Enlargement Negotiations","NEAR",2,"nonconformity",0,0,0,0,0,0
327,2007,14,"Eurostat","EUROSTAT",1,"noncommunication",4,0,0,0,0,0
328,2007,14,"Eurostat","EUROSTAT",2,"nonconformity",0,0,0,0,0,0
329,2007,15,"External Relations","RELEX",1,"noncommunication",0,0,0,0,0,0
330,2007,15,"External Relations","RELEX",2,"nonconformity",0,0,0,0,0,0
331,2007,16,"Financial Stability, Financial Services and Capital Markets Union","FISMA",1,"noncommunication",0,0,0,0,0,0
332,2007,16,"Financial Stability, Financial Services and Capital Markets Union","FISMA",2,"nonconformity",1,1,0,0,0,0
333,2007,17,"Health and Consumers","SANCO",1,"noncommunication",333,19,2,0,0,0
334,2007,17,"Health and Consumers","SANCO",2,"nonconformity",26,9,3,0,1,1
335,2007,18,"Health and Food Safety","SANTE",1,"noncommunication",0,0,0,0,0,0
336,2007,18,"Health and Food Safety","SANTE",2,"nonconformity",1,0,1,0,0,0
337,2007,19,"Human Resources and Security","HR",1,"noncommunication",0,0,0,0,0,0
338,2007,19,"Human Resources and Security","HR",2,"nonconformity",1,0,0,0,0,0
339,2007,20,"Internal Market and Services","MARKT",1,"noncommunication",207,83,24,0,1,0
340,2007,20,"Internal Market and Services","MARKT",2,"nonconformity",89,38,13,8,5,1
341,2007,21,"Internal Market, Industry, Entrepreneurship and SMEs","GROW",1,"noncommunication",0,0,0,0,0,0
342,2007,21,"Internal Market, Industry, Entrepreneurship and SMEs","GROW",2,"nonconformity",4,4,0,0,0,0
343,2007,22,"Justice and Consumers","JUST",1,"noncommunication",27,0,8,0,0,0
344,2007,22,"Justice and Consumers","JUST",2,"nonconformity",49,24,3,0,1,0
345,2007,23,"Legal Service","SJ",1,"noncommunication",0,0,0,0,0,0
346,2007,23,"Legal Service","SJ",2,"nonconformity",2,0,0,0,0,0
347,2007,24,"Maritime Affairs and Fisheries","MARE",1,"noncommunication",0,0,0,0,0,0
348,2007,24,"Maritime Affairs and Fisheries","MARE",2,"nonconformity",9,3,3,0,0,0
349,2007,25,"Migration and Home Affairs","HOME",1,"noncommunication",63,24,0,2,0,0
350,2007,25,"Migration and Home Affairs","HOME",2,"nonconformity",14,1,0,0,0,0
351,2007,26,"Mobility and Transport","MOVE",1,"noncommunication",85,30,26,1,1,0
352,2007,26,"Mobility and Transport","MOVE",2,"nonconformity",31,5,7,2,0,0
353,2007,27,"Regional and Urban Policy","REGIO",1,"noncommunication",0,0,0,0,0,0
354,2007,27,"Regional and Urban Policy","REGIO",2,"nonconformity",0,0,0,0,0,0
355,2007,28,"Secretariat-General","SG",1,"noncommunication",0,0,0,0,0,0
356,2007,28,"Secretariat-General","SG",2,"nonconformity",0,0,0,0,0,0
357,2007,29,"Taxation and Customs Union","TAXUD",1,"noncommunication",63,1,1,1,0,0
358,2007,29,"Taxation and Customs Union","TAXUD",2,"nonconformity",105,29,10,1,0,0
359,2007,30,"Trade","TRADE",1,"noncommunication",4,0,0,0,0,0
360,2007,30,"Trade","TRADE",2,"nonconformity",0,0,0,0,0,0
361,2008,1,"Agriculture and Rural Development","AGRI",1,"noncommunication",8,0,0,0,0,0
362,2008,1,"Agriculture and Rural Development","AGRI",2,"nonconformity",2,0,1,0,0,0
363,2008,2,"Budget","BUDG",1,"noncommunication",0,0,0,0,0,0
364,2008,2,"Budget","BUDG",2,"nonconformity",2,3,3,0,0,0
365,2008,3,"Climate Action","CLIMA",1,"noncommunication",0,0,0,0,0,0
366,2008,3,"Climate Action","CLIMA",2,"nonconformity",0,1,0,0,0,0
367,2008,4,"Communication Networks, Content and Technology","CONNECT",1,"noncommunication",0,0,0,0,0,0
368,2008,4,"Communication Networks, Content and Technology","CONNECT",2,"nonconformity",8,9,7,0,0,0
369,2008,5,"Competition","COMP",1,"noncommunication",0,0,0,0,0,0
370,2008,5,"Competition","COMP",2,"nonconformity",4,1,0,0,3,0
371,2008,6,"Defence Industry and Space","DEFIS",1,"noncommunication",0,0,0,0,0,0
372,2008,6,"Defence Industry and Space","DEFIS",2,"nonconformity",0,0,0,0,0,0
373,2008,7,"Economic and Financial Affairs","ECFIN",1,"noncommunication",0,0,0,0,0,0
374,2008,7,"Economic and Financial Affairs","ECFIN",2,"nonconformity",0,0,0,0,0,0
375,2008,8,"Education, Youth, Sport and Culture","EAC",1,"noncommunication",0,0,0,0,0,0
376,2008,8,"Education, Youth, Sport and Culture","EAC",2,"nonconformity",0,0,0,0,0,0
377,2008,9,"Employment, Social Affairs and Inclusion","EMPL",1,"noncommunication",17,7,4,1,0,0
378,2008,9,"Employment, Social Affairs and Inclusion","EMPL",2,"nonconformity",23,6,4,0,0,0
379,2008,10,"Energy","ENER",1,"noncommunication",41,14,3,1,0,0
380,2008,10,"Energy","ENER",2,"nonconformity",16,7,5,0,0,0
381,2008,11,"Enterprise and Industry","ENTR",1,"noncommunication",92,13,2,2,0,0
382,2008,11,"Enterprise and Industry","ENTR",2,"nonconformity",32,12,4,1,2,0
383,2008,12,"Environment","ENV",1,"noncommunication",116,51,14,2,1,0
384,2008,12,"Environment","ENV",2,"nonconformity",146,64,26,19,5,0
385,2008,13,"European Neighbourhood and Enlargement Negotiations","NEAR",1,"noncommunication",0,0,0,0,0,0
386,2008,13,"European Neighbourhood and Enlargement Negotiations","NEAR",2,"nonconformity",0,0,0,0,0,0
387,2008,14,"Eurostat","EUROSTAT",1,"noncommunication",0,0,0,0,0,0
388,2008,14,"Eurostat","EUROSTAT",2,"nonconformity",0,0,0,0,0,0
389,2008,15,"External Relations","RELEX",1,"noncommunication",0,0,0,0,0,0
390,2008,15,"External Relations","RELEX",2,"nonconformity",0,0,0,0,0,0
391,2008,16,"Financial Stability, Financial Services and Capital Markets Union","FISMA",1,"noncommunication",0,0,0,0,0,0
392,2008,16,"Financial Stability, Financial Services and Capital Markets Union","FISMA",2,"nonconformity",0,1,0,0,0,0
393,2008,17,"Health and Consumers","SANCO",1,"noncommunication",243,43,17,0,0,0
394,2008,17,"Health and Consumers","SANCO",2,"nonconformity",24,6,5,0,0,0
395,2008,18,"Health and Food Safety","SANTE",1,"noncommunication",0,0,0,0,0,0
396,2008,18,"Health and Food Safety","SANTE",2,"nonconformity",0,0,1,0,0,0
397,2008,19,"Human Resources and Security","HR",1,"noncommunication",0,0,0,0,0,0
398,2008,19,"Human Resources and Security","HR",2,"nonconformity",0,1,0,0,0,0
399,2008,20,"Internal Market and Services","MARKT",1,"noncommunication",154,114,63,3,0,0
400,2008,20,"Internal Market and Services","MARKT",2,"nonconformity",93,40,21,9,2,0
401,2008,21,"Internal Market, Industry, Entrepreneurship and SMEs","GROW",1,"noncommunication",0,0,0,0,0,0
402,2008,21,"Internal Market, Industry, Entrepreneurship and SMEs","GROW",2,"nonconformity",2,4,0,0,0,0
403,2008,22,"Justice and Consumers","JUST",1,"noncommunication",12,5,2,1,1,0
404,2008,22,"Justice and Consumers","JUST",2,"nonconformity",9,22,0,0,0,0
405,2008,23,"Legal Service","SJ",1,"noncommunication",0,0,0,0,0,0
406,2008,23,"Legal Service","SJ",2,"nonconformity",1,1,0,0,0,0
407,2008,24,"Maritime Affairs and Fisheries","MARE",1,"noncommunication",0,0,0,0,0,0
408,2008,24,"Maritime Affairs and Fisheries","MARE",2,"nonconformity",0,0,0,0,0,0
409,2008,25,"Migration and Home Affairs","HOME",1,"noncommunication",15,17,12,2,0,0
410,2008,25,"Migration and Home Affairs","HOME",2,"nonconformity",1,4,1,0,0,0
411,2008,26,"Mobility and Transport","MOVE",1,"noncommunication",94,14,12,2,0,0
412,2008,26,"Mobility and Transport","MOVE",2,"nonconformity",67,10,5,1,0,0
413,2008,27,"Regional and Urban Policy","REGIO",1,"noncommunication",0,0,0,0,0,0
414,2008,27,"Regional and Urban Policy","REGIO",2,"nonconformity",1,0,0,0,0,0
415,2008,28,"Secretariat-General","SG",1,"noncommunication",0,0,0,0,0,0
416,2008,28,"Secretariat-General","SG",2,"nonconformity",0,0,0,0,0,0
417,2008,29,"Taxation and Customs Union","TAXUD",1,"noncommunication",24,5,0,0,0,0
418,2008,29,"Taxation and Customs Union","TAXUD",2,"nonconformity",162,61,16,0,0,0
419,2008,30,"Trade","TRADE",1,"noncommunication",0,0,0,0,0,0
420,2008,30,"Trade","TRADE",2,"nonconformity",1,0,0,0,0,0
421,2009,1,"Agriculture and Rural Development","AGRI",1,"noncommunication",0,1,0,0,0,0
422,2009,1,"Agriculture and Rural Development","AGRI",2,"nonconformity",1,1,0,0,0,0
423,2009,2,"Budget","BUDG",1,"noncommunication",0,0,0,0,0,0
424,2009,2,"Budget","BUDG",2,"nonconformity",0,2,3,0,0,0
425,2009,3,"Climate Action","CLIMA",1,"noncommunication",0,0,0,0,0,0
426,2009,3,"Climate Action","CLIMA",2,"nonconformity",10,1,1,0,0,0
427,2009,4,"Communication Networks, Content and Technology","CONNECT",1,"noncommunication",0,0,0,0,0,0
428,2009,4,"Communication Networks, Content and Technology","CONNECT",2,"nonconformity",10,4,2,4,1,0
429,2009,5,"Competition","COMP",1,"noncommunication",0,2,0,0,0,0
430,2009,5,"Competition","COMP",2,"nonconformity",0,2,0,2,1,1
431,2009,6,"Defence Industry and Space","DEFIS",1,"noncommunication",0,0,0,0,0,0
432,2009,6,"Defence Industry and Space","DEFIS",2,"nonconformity",0,0,0,0,0,0
433,2009,7,"Economic and Financial Affairs","ECFIN",1,"noncommunication",0,0,0,0,0,0
434,2009,7,"Economic and Financial Affairs","ECFIN",2,"nonconformity",1,0,0,0,0,0
435,2009,8,"Education, Youth, Sport and Culture","EAC",1,"noncommunication",0,0,0,0,0,0
436,2009,8,"Education, Youth, Sport and Culture","EAC",2,"nonconformity",6,0,0,0,0,0
437,2009,9,"Employment, Social Affairs and Inclusion","EMPL",1,"noncommunication",0,9,0,0,0,0
438,2009,9,"Employment, Social Affairs and Inclusion","EMPL",2,"nonconformity",28,7,3,4,1,0
439,2009,10,"Energy","ENER",1,"noncommunication",25,26,4,0,1,0
440,2009,10,"Energy","ENER",2,"nonconformity",76,3,3,0,0,0
441,2009,11,"Enterprise and Industry","ENTR",1,"noncommunication",90,15,1,0,0,0
442,2009,11,"Enterprise and Industry","ENTR",2,"nonconformity",22,8,8,2,0,0
443,2009,12,"Environment","ENV",1,"noncommunication",89,40,16,2,1,0
444,2009,12,"Environment","ENV",2,"nonconformity",170,63,27,12,9,1
445,2009,13,"European Neighbourhood and Enlargement Negotiations","NEAR",1,"noncommunication",0,0,0,0,0,0
446,2009,13,"European Neighbourhood and Enlargement Negotiations","NEAR",2,"nonconformity",0,0,0,0,0,0
447,2009,14,"Eurostat","EUROSTAT",1,"noncommunication",0,0,0,0,0,0
448,2009,14,"Eurostat","EUROSTAT",2,"nonconformity",0,0,0,0,0,0
449,2009,15,"External Relations","RELEX",1,"noncommunication",0,0,0,0,0,0
450,2009,15,"External Relations","RELEX",2,"nonconformity",0,0,0,0,0,0
451,2009,16,"Financial Stability, Financial Services and Capital Markets Union","FISMA",1,"noncommunication",0,0,0,0,0,0
452,2009,16,"Financial Stability, Financial Services and Capital Markets Union","FISMA",2,"nonconformity",2,0,1,0,0,0
453,2009,17,"Health and Consumers","SANCO",1,"noncommunication",136,34,8,1,0,0
454,2009,17,"Health and Consumers","SANCO",2,"nonconformity",26,15,7,0,0,0
455,2009,18,"Health and Food Safety","SANTE",1,"noncommunication",0,0,0,0,0,0
456,2009,18,"Health and Food Safety","SANTE",2,"nonconformity",0,1,0,0,0,0
457,2009,19,"Human Resources and Security","HR",1,"noncommunication",0,0,0,0,0,0
458,2009,19,"Human Resources and Security","HR",2,"nonconformity",0,0,1,0,0,0
459,2009,20,"Internal Market and Services","MARKT",1,"noncommunication",65,22,25,12,4,0
460,2009,20,"Internal Market and Services","MARKT",2,"nonconformity",88,37,14,10,6,1
461,2009,21,"Internal Market, Industry, Entrepreneurship and SMEs","GROW",1,"noncommunication",0,0,0,0,0,0
462,2009,21,"Internal Market, Industry, Entrepreneurship and SMEs","GROW",2,"nonconformity",7,2,0,0,0,0
463,2009,22,"Justice and Consumers","JUST",1,"noncommunication",7,1,3,0,0,1
464,2009,22,"Justice and Consumers","JUST",2,"nonconformity",30,17,0,1,0,0
465,2009,23,"Legal Service","SJ",1,"noncommunication",0,0,0,0,0,0
466,2009,23,"Legal Service","SJ",2,"nonconformity",2,0,1,0,0,0
467,2009,24,"Maritime Affairs and Fisheries","MARE",1,"noncommunication",0,0,0,0,0,0
468,2009,24,"Maritime Affairs and Fisheries","MARE",2,"nonconformity",0,0,0,0,0,0
469,2009,25,"Migration and Home Affairs","HOME",1,"noncommunication",6,10,6,0,2,0
470,2009,25,"Migration and Home Affairs","HOME",2,"nonconformity",3,1,1,0,0,0
471,2009,26,"Mobility and Transport","MOVE",1,"noncommunication",96,17,2,1,0,0
472,2009,26,"Mobility and Transport","MOVE",2,"nonconformity",22,35,3,2,1,0
473,2009,27,"Regional and Urban Policy","REGIO",1,"noncommunication",0,0,0,0,0,0
474,2009,27,"Regional and Urban Policy","REGIO",2,"nonconformity",0,0,0,0,0,0
475,2009,28,"Secretariat-General","SG",1,"noncommunication",0,0,0,0,0,0
476,2009,28,"Secretariat-General","SG",2,"nonconformity",0,0,0,0,0,0
477,2009,29,"Taxation and Customs Union","TAXUD",1,"noncommunication",35,0,2,0,0,0
478,2009,29,"Taxation and Customs Union","TAXUD",2,"nonconformity",98,52,20,2,0,0
479,2009,30,"Trade","TRADE",1,"noncommunication",0,0,0,0,0,0
480,2009,30,"Trade","TRADE",2,"nonconformity",0,0,0,0,0,0
481,2010,1,"Agriculture and Rural Development","AGRI",1,"noncommunication",0,0,0,0,0,0
482,2010,1,"Agriculture and Rural Development","AGRI",2,"nonconformity",3,0,1,0,0,0
483,2010,2,"Budget","BUDG",1,"noncommunication",0,0,0,0,0,0
484,2010,2,"Budget","BUDG",2,"nonconformity",2,0,2,0,0,0
485,2010,3,"Climate Action","CLIMA",1,"noncommunication",39,7,0,0,0,0
486,2010,3,"Climate Action","CLIMA",2,"nonconformity",0,1,0,0,0,0
487,2010,4,"Communication Networks, Content and Technology","CONNECT",1,"noncommunication",32,12,0,0,0,0
488,2010,4,"Communication Networks, Content and Technology","CONNECT",2,"nonconformity",17,7,3,0,0,1
489,2010,5,"Competition","COMP",1,"noncommunication",0,0,1,0,0,0
490,2010,5,"Competition","COMP",2,"nonconformity",1,0,0,3,0,3
491,2010,6,"Defence Industry and Space","DEFIS",1,"noncommunication",0,0,0,0,0,0
492,2010,6,"Defence Industry and Space","DEFIS",2,"nonconformity",0,0,0,0,0,0
493,2010,7,"Economic and Financial Affairs","ECFIN",1,"noncommunication",0,0,0,0,0,0
494,2010,7,"Economic and Financial Affairs","ECFIN",2,"nonconformity",0,0,0,0,0,0
495,2010,8,"Education, Youth, Sport and Culture","EAC",1,"noncommunication",0,0,0,0,0,0
496,2010,8,"Education, Youth, Sport and Culture","EAC",2,"nonconformity",3,3,1,0,0,0
497,2010,9,"Employment, Social Affairs and Inclusion","EMPL",1,"noncommunication",14,2,4,0,0,0
498,2010,9,"Employment, Social Affairs and Inclusion","EMPL",2,"nonconformity",29,11,1,1,0,0
499,2010,10,"Energy","ENER",1,"noncommunication",0,0,1,1,0,0
500,2010,10,"Energy","ENER",2,"nonconformity",23,46,1,0,0,0
501,2010,11,"Enterprise and Industry","ENTR",1,"noncommunication",37,16,5,0,0,0
502,2010,11,"Enterprise and Industry","ENTR",2,"nonconformity",10,6,1,2,0,0
503,2010,12,"Environment","ENV",1,"noncommunication",169,53,20,2,0,0
504,2010,12,"Environment","ENV",2,"nonconformity",75,62,25,20,0,1
505,2010,13,"European Neighbourhood and Enlargement Negotiations","NEAR",1,"noncommunication",0,0,0,0,0,0
506,2010,13,"European Neighbourhood and Enlargement Negotiations","NEAR",2,"nonconformity",0,0,0,0,0,0
507,2010,14,"Eurostat","EUROSTAT",1,"noncommunication",0,0,0,0,0,0
508,2010,14,"Eurostat","EUROSTAT",2,"nonconformity",1,0,0,0,0,0
509,2010,15,"External Relations","RELEX",1,"noncommunication",0,0,0,0,0,0
510,2010,15,"External Relations","RELEX",2,"nonconformity",0,0,0,0,0,0
511,2010,16,"Financial Stability, Financial Services and Capital Markets Union","FISMA",1,"noncommunication",0,0,0,0,0,0
512,2010,16,"Financial Stability, Financial Services and Capital Markets Union","FISMA",2,"nonconformity",1,0,0,0,0,0
513,2010,17,"Health and Consumers","SANCO",1,"noncommunication",254,35,2,0,0,0
514,2010,17,"Health and Consumers","SANCO",2,"nonconformity",15,12,3,1,0,0
515,2010,18,"Health and Food Safety","SANTE",1,"noncommunication",0,0,0,0,0,0
516,2010,18,"Health and Food Safety","SANTE",2,"nonconformity",1,0,0,1,0,0
517,2010,19,"Human Resources and Security","HR",1,"noncommunication",0,0,0,0,0,0
518,2010,19,"Human Resources and Security","HR",2,"nonconformity",0,0,0,0,0,0
519,2010,20,"Internal Market and Services","MARKT",1,"noncommunication",112,37,13,11,0,1
520,2010,20,"Internal Market and Services","MARKT",2,"nonconformity",67,31,16,7,0,1
521,2010,21,"Internal Market, Industry, Entrepreneurship and SMEs","GROW",1,"noncommunication",0,0,0,0,0,0
522,2010,21,"Internal Market, Industry, Entrepreneurship and SMEs","GROW",2,"nonconformity",2,3,2,0,0,0
523,2010,22,"Justice and Consumers","JUST",1,"noncommunication",0,5,0,0,0,0
524,2010,22,"Justice and Consumers","JUST",2,"nonconformity",9,14,2,2,0,0
525,2010,23,"Legal Service","SJ",1,"noncommunication",0,0,0,0,0,0
526,2010,23,"Legal Service","SJ",2,"nonconformity",0,1,1,0,0,0
527,2010,24,"Maritime Affairs and Fisheries","MARE",1,"noncommunication",0,0,0,0,0,0
528,2010,24,"Maritime Affairs and Fisheries","MARE",2,"nonconformity",0,0,0,0,0,0
529,2010,25,"Migration and Home Affairs","HOME",1,"noncommunication",17,0,4,2,0,0
530,2010,25,"Migration and Home Affairs","HOME",2,"nonconformity",2,4,2,0,0,0
531,2010,26,"Mobility and Transport","MOVE",1,"noncommunication",140,28,2,0,0,0
532,2010,26,"Mobility and Transport","MOVE",2,"nonconformity",24,11,16,0,0,0
533,2010,27,"Regional and Urban Policy","REGIO",1,"noncommunication",0,0,0,0,0,0
534,2010,27,"Regional and Urban Policy","REGIO",2,"nonconformity",0,0,0,0,0,0
535,2010,28,"Secretariat-General","SG",1,"noncommunication",0,0,0,0,0,0
536,2010,28,"Secretariat-General","SG",2,"nonconformity",0,0,0,0,0,0
537,2010,29,"Taxation and Customs Union","TAXUD",1,"noncommunication",41,0,0,0,0,0
538,2010,29,"Taxation and Customs Union","TAXUD",2,"nonconformity",78,50,29,2,0,0
539,2010,30,"Trade","TRADE",1,"noncommunication",0,0,0,0,0,0
540,2010,30,"Trade","TRADE",2,"nonconformity",0,0,0,0,0,0
541,2011,1,"Agriculture and Rural Development","AGRI",1,"noncommunication",11,1,0,0,0,0
542,2011,1,"Agriculture and Rural Development","AGRI",2,"nonconformity",23,0,0,1,0,0
543,2011,2,"Budget","BUDG",1,"noncommunication",0,0,0,0,0,0
544,2011,2,"Budget","BUDG",2,"nonconformity",1,4,0,0,0,0
545,2011,3,"Climate Action","CLIMA",1,"noncommunication",35,4,0,0,0,0
546,2011,3,"Climate Action","CLIMA",2,"nonconformity",3,0,0,0,0,0
547,2011,4,"Communication Networks, Content and Technology","CONNECT",1,"noncommunication",39,38,0,0,0,0
548,2011,4,"Communication Networks, Content and Technology","CONNECT",2,"nonconformity",8,5,2,3,0,0
549,2011,5,"Competition","COMP",1,"noncommunication",0,0,0,0,0,0
550,2011,5,"Competition","COMP",2,"nonconformity",1,1,0,1,0,0
551,2011,6,"Defence Industry and Space","DEFIS",1,"noncommunication",0,0,0,0,0,0
552,2011,6,"Defence Industry and Space","DEFIS",2,"nonconformity",0,0,0,0,0,0
553,2011,7,"Economic and Financial Affairs","ECFIN",1,"noncommunication",0,0,0,0,0,0
554,2011,7,"Economic and Financial Affairs","ECFIN",2,"nonconformity",0,0,0,0,0,0
555,2011,8,"Education, Youth, Sport and Culture","EAC",1,"noncommunication",0,0,0,0,0,0
556,2011,8,"Education, Youth, Sport and Culture","EAC",2,"nonconformity",0,0,0,0,0,0
557,2011,9,"Employment, Social Affairs and Inclusion","EMPL",1,"noncommunication",17,5,0,0,0,0
558,2011,9,"Employment, Social Affairs and Inclusion","EMPL",2,"nonconformity",24,22,4,3,0,0
559,2011,10,"Energy","ENER",1,"noncommunication",140,6,0,0,0,0
560,2011,10,"Energy","ENER",2,"nonconformity",1,7,3,2,0,0
561,2011,11,"Enterprise and Industry","ENTR",1,"noncommunication",117,1,0,0,0,0
562,2011,11,"Enterprise and Industry","ENTR",2,"nonconformity",3,3,1,0,0,0
563,2011,12,"Environment","ENV",1,"noncommunication",58,45,1,1,0,2
564,2011,12,"Environment","ENV",2,"nonconformity",65,29,17,13,0,3
565,2011,13,"European Neighbourhood and Enlargement Negotiations","NEAR",1,"noncommunication",0,0,0,0,0,0
566,2011,13,"European Neighbourhood and Enlargement Negotiations","NEAR",2,"nonconformity",0,0,0,0,0,0
567,2011,14,"Eurostat","EUROSTAT",1,"noncommunication",0,0,0,0,0,0
568,2011,14,"Eurostat","EUROSTAT",2,"nonconformity",0,1,0,0,0,0
569,2011,15,"External Relations","RELEX",1,"noncommunication",0,0,0,0,0,0
570,2011,15,"External Relations","RELEX",2,"nonconformity",0,0,0,0,0,0
571,2011,16,"Financial Stability, Financial Services and Capital Markets Union","FISMA",1,"noncommunication",0,0,0,0,0,0
572,2011,16,"Financial Stability, Financial Services and Capital Markets Union","FISMA",2,"nonconformity",0,1,1,0,0,0
573,2011,17,"Health and Consumers","SANCO",1,"noncommunication",164,19,0,0,0,0
574,2011,17,"Health and Consumers","SANCO",2,"nonconformity",10,4,4,1,0,0
575,2011,18,"Health and Food Safety","SANTE",1,"noncommunication",0,0,0,0,0,0
576,2011,18,"Health and Food Safety","SANTE",2,"nonconformity",1,0,1,0,0,0
577,2011,19,"Human Resources and Security","HR",1,"noncommunication",0,0,0,0,0,0
578,2011,19,"Human Resources and Security","HR",2,"nonconformity",0,0,0,0,0,0
579,2011,20,"Internal Market and Services","MARKT",1,"noncommunication",198,27,0,0,0,5
580,2011,20,"Internal Market and Services","MARKT",2,"nonconformity",25,17,3,4,0,2
581,2011,21,"Internal Market, Industry, Entrepreneurship and SMEs","GROW",1,"noncommunication",0,0,0,0,0,0
582,2011,21,"Internal Market, Industry, Entrepreneurship and SMEs","GROW",2,"nonconformity",15,4,2,0,0,0
583,2011,22,"Justice and Consumers","JUST",1,"noncommunication",71,31,0,0,0,0
584,2011,22,"Justice and Consumers","JUST",2,"nonconformity",17,5,2,1,0,0
585,2011,23,"Legal Service","SJ",1,"noncommunication",0,0,0,0,0,0
586,2011,23,"Legal Service","SJ",2,"nonconformity",0,0,0,0,0,0
587,2011,24,"Maritime Affairs and Fisheries","MARE",1,"noncommunication",0,0,0,0,0,0
588,2011,24,"Maritime Affairs and Fisheries","MARE",2,"nonconformity",0,0,0,1,0,0
589,2011,25,"Migration and Home Affairs","HOME",1,"noncommunication",76,19,0,1,0,1
590,2011,25,"Migration and Home Affairs","HOME",2,"nonconformity",2,1,0,0,0,0
591,2011,26,"Mobility and Transport","MOVE",1,"noncommunication",240,103,1,0,0,2
592,2011,26,"Mobility and Transport","MOVE",2,"nonconformity",45,10,4,0,0,0
593,2011,27,"Regional and Urban Policy","REGIO",1,"noncommunication",0,0,0,0,0,0
594,2011,27,"Regional and Urban Policy","REGIO",2,"nonconformity",0,0,0,0,0,0
595,2011,28,"Secretariat-General","SG",1,"noncommunication",0,0,0,0,0,0
596,2011,28,"Secretariat-General","SG",2,"nonconformity",0,0,0,0,0,0
597,2011,29,"Taxation and Customs Union","TAXUD",1,"noncommunication",38,2,0,0,0,0
598,2011,29,"Taxation and Customs Union","TAXUD",2,"nonconformity",45,33,23,1,0,0
599,2011,30,"Trade","TRADE",1,"noncommunication",0,0,0,0,0,0
600,2011,30,"Trade","TRADE",2,"nonconformity",0,0,0,0,0,0
601,2012,1,"Agriculture and Rural Development","AGRI",1,"noncommunication",0,0,0,0,0,0
602,2012,1,"Agriculture and Rural Development","AGRI",2,"nonconformity",1,1,0,0,0,0
603,2012,2,"Budget","BUDG",1,"noncommunication",0,0,0,0,0,0
604,2012,2,"Budget","BUDG",2,"nonconformity",1,0,2,0,0,0
605,2012,3,"Climate Action","CLIMA",1,"noncommunication",11,3,0,0,0,0
606,2012,3,"Climate Action","CLIMA",2,"nonconformity",8,3,0,0,0,0
607,2012,4,"Communication Networks, Content and Technology","CONNECT",1,"noncommunication",0,0,0,0,0,10
608,2012,4,"Communication Networks, Content and Technology","CONNECT",2,"nonconformity",5,2,1,0,0,2
609,2012,5,"Competition","COMP",1,"noncommunication",0,0,0,0,0,0
610,2012,5,"Competition","COMP",2,"nonconformity",0,1,0,2,0,0
611,2012,6,"Defence Industry and Space","DEFIS",1,"noncommunication",0,0,0,0,0,0
612,2012,6,"Defence Industry and Space","DEFIS",2,"nonconformity",0,0,0,0,0,0
613,2012,7,"Economic and Financial Affairs","ECFIN",1,"noncommunication",0,0,0,0,0,0
614,2012,7,"Economic and Financial Affairs","ECFIN",2,"nonconformity",2,0,0,0,0,0
615,2012,8,"Education, Youth, Sport and Culture","EAC",1,"noncommunication",0,0,0,0,0,0
616,2012,8,"Education, Youth, Sport and Culture","EAC",2,"nonconformity",3,1,0,0,0,0
617,2012,9,"Employment, Social Affairs and Inclusion","EMPL",1,"noncommunication",25,6,0,0,0,0
618,2012,9,"Employment, Social Affairs and Inclusion","EMPL",2,"nonconformity",20,16,1,1,0,0
619,2012,10,"Energy","ENER",1,"noncommunication",24,48,0,0,0,6
620,2012,10,"Energy","ENER",2,"nonconformity",4,1,3,0,0,0
621,2012,11,"Enterprise and Industry","ENTR",1,"noncommunication",19,10,0,1,0,0
622,2012,11,"Enterprise and Industry","ENTR",2,"nonconformity",9,2,0,0,0,0
623,2012,12,"Environment","ENV",1,"noncommunication",63,12,0,0,0,5
624,2012,12,"Environment","ENV",2,"nonconformity",87,45,9,11,0,2
625,2012,13,"European Neighbourhood and Enlargement Negotiations","NEAR",1,"noncommunication",0,0,0,0,0,0
626,2012,13,"European Neighbourhood and Enlargement Negotiations","NEAR",2,"nonconformity",0,0,0,0,0,0
627,2012,14,"Eurostat","EUROSTAT",1,"noncommunication",0,0,0,0,0,0
628,2012,14,"Eurostat","EUROSTAT",2,"nonconformity",0,0,0,0,0,0
629,2012,15,"External Relations","RELEX",1,"noncommunication",0,0,0,0,0,0
630,2012,15,"External Relations","RELEX",2,"nonconformity",0,0,0,0,0,0
631,2012,16,"Financial Stability, Financial Services and Capital Markets Union","FISMA",1,"noncommunication",1,0,0,0,0,0
632,2012,16,"Financial Stability, Financial Services and Capital Markets Union","FISMA",2,"nonconformity",1,1,0,1,0,0
633,2012,17,"Health and Consumers","SANCO",1,"noncommunication",106,7,1,0,0,0
634,2012,17,"Health and Consumers","SANCO",2,"nonconformity",17,11,1,0,0,0
635,2012,18,"Health and Food Safety","SANTE",1,"noncommunication",2,1,0,0,0,0
636,2012,18,"Health and Food Safety","SANTE",2,"nonconformity",8,5,0,0,0,0
637,2012,19,"Human Resources and Security","HR",1,"noncommunication",0,0,0,0,0,0
638,2012,19,"Human Resources and Security","HR",2,"nonconformity",0,0,0,0,0,0
639,2012,20,"Internal Market and Services","MARKT",1,"noncommunication",52,33,0,0,0,5
640,2012,20,"Internal Market and Services","MARKT",2,"nonconformity",14,3,1,1,0,0
641,2012,21,"Internal Market, Industry, Entrepreneurship and SMEs","GROW",1,"noncommunication",1,0,0,0,0,0
642,2012,21,"Internal Market, Industry, Entrepreneurship and SMEs","GROW",2,"nonconformity",6,5,3,0,0,0
643,2012,22,"Justice and Consumers","JUST",1,"noncommunication",10,1,0,0,0,3
644,2012,22,"Justice and Consumers","JUST",2,"nonconformity",21,10,4,0,0,0
645,2012,23,"Legal Service","SJ",1,"noncommunication",0,0,0,0,0,0
646,2012,23,"Legal Service","SJ",2,"nonconformity",0,1,0,0,0,0
647,2012,24,"Maritime Affairs and Fisheries","MARE",1,"noncommunication",0,0,0,0,0,0
648,2012,24,"Maritime Affairs and Fisheries","MARE",2,"nonconformity",1,0,0,0,0,0
649,2012,25,"Migration and Home Affairs","HOME",1,"noncommunication",1,16,0,0,0,1
650,2012,25,"Migration and Home Affairs","HOME",2,"nonconformity",4,1,1,0,0,0
651,2012,26,"Mobility and Transport","MOVE",1,"noncommunication",117,39,4,0,0,6
652,2012,26,"Mobility and Transport","MOVE",2,"nonconformity",36,13,1,0,0,0
653,2012,27,"Regional and Urban Policy","REGIO",1,"noncommunication",0,0,0,0,0,0
654,2012,27,"Regional and Urban Policy","REGIO",2,"nonconformity",0,0,0,0,0,0
655,2012,28,"Secretariat-General","SG",1,"noncommunication",0,0,0,0,0,0
656,2012,28,"Secretariat-General","SG",2,"nonconformity",0,0,0,0,0,0
657,2012,29,"Taxation and Customs Union","TAXUD",1,"noncommunication",18,2,0,0,0,0
658,2012,29,"Taxation and Customs Union","TAXUD",2,"nonconformity",34,39,7,2,0,0
659,2012,30,"Trade","TRADE",1,"noncommunication",0,0,0,0,0,0
660,2012,30,"Trade","TRADE",2,"nonconformity",0,0,0,0,0,0
661,2013,1,"Agriculture and Rural Development","AGRI",1,"noncommunication",4,0,0,0,0,0
662,2013,1,"Agriculture and Rural Development","AGRI",2,"nonconformity",2,1,0,0,0,0
663,2013,2,"Budget","BUDG",1,"noncommunication",0,0,0,0,0,0
664,2013,2,"Budget","BUDG",2,"nonconformity",3,0,0,0,0,0
665,2013,3,"Climate Action","CLIMA",1,"noncommunication",10,8,0,0,0,0
666,2013,3,"Climate Action","CLIMA",2,"nonconformity",3,2,0,0,0,0
667,2013,4,"Communication Networks, Content and Technology","CONNECT",1,"noncommunication",0,0,0,0,0,0
668,2013,4,"Communication Networks, Content and Technology","CONNECT",2,"nonconformity",15,3,1,0,0,1
669,2013,5,"Competition","COMP",1,"noncommunication",0,0,0,0,0,0
670,2013,5,"Competition","COMP",2,"nonconformity",2,0,1,0,0,1
671,2013,6,"Defence Industry and Space","DEFIS",1,"noncommunication",0,0,0,0,0,0
672,2013,6,"Defence Industry and Space","DEFIS",2,"nonconformity",0,0,0,0,0,0
673,2013,7,"Economic and Financial Affairs","ECFIN",1,"noncommunication",0,0,0,0,0,0
674,2013,7,"Economic and Financial Affairs","ECFIN",2,"nonconformity",0,0,0,0,0,0
675,2013,8,"Education, Youth, Sport and Culture","EAC",1,"noncommunication",0,0,0,0,0,0
676,2013,8,"Education, Youth, Sport and Culture","EAC",2,"nonconformity",1,0,1,0,0,0
677,2013,9,"Employment, Social Affairs and Inclusion","EMPL",1,"noncommunication",13,1,0,0,0,0
678,2013,9,"Employment, Social Affairs and Inclusion","EMPL",2,"nonconformity",26,12,11,0,0,0
679,2013,10,"Energy","ENER",1,"noncommunication",33,38,0,0,0,12
680,2013,10,"Energy","ENER",2,"nonconformity",8,2,1,0,0,0
681,2013,11,"Enterprise and Industry","ENTR",1,"noncommunication",32,2,0,0,0,0
682,2013,11,"Enterprise and Industry","ENTR",2,"nonconformity",7,2,0,0,0,0
683,2013,12,"Environment","ENV",1,"noncommunication",168,25,0,0,0,0
684,2013,12,"Environment","ENV",2,"nonconformity",75,29,8,7,0,4
685,2013,13,"European Neighbourhood and Enlargement Negotiations","NEAR",1,"noncommunication",0,0,0,0,0,0
686,2013,13,"European Neighbourhood and Enlargement Negotiations","NEAR",2,"nonconformity",1,0,0,0,0,0
687,2013,14,"Eurostat","EUROSTAT",1,"noncommunication",0,0,0,0,0,0
688,2013,14,"Eurostat","EUROSTAT",2,"nonconformity",0,0,0,0,0,0
689,2013,15,"External Relations","RELEX",1,"noncommunication",0,0,0,0,0,0
690,2013,15,"External Relations","RELEX",2,"nonconformity",0,0,0,0,0,0
691,2013,16,"Financial Stability, Financial Services and Capital Markets Union","FISMA",1,"noncommunication",12,0,0,0,0,0
692,2013,16,"Financial Stability, Financial Services and Capital Markets Union","FISMA",2,"nonconformity",2,1,0,0,0,0
693,2013,17,"Health and Consumers","SANCO",1,"noncommunication",55,9,0,0,0,0
694,2013,17,"Health and Consumers","SANCO",2,"nonconformity",2,1,0,0,0,0
695,2013,18,"Health and Food Safety","SANTE",1,"noncommunication",3,2,0,0,0,0
696,2013,18,"Health and Food Safety","SANTE",2,"nonconformity",10,2,5,0,0,0
697,2013,19,"Human Resources and Security","HR",1,"noncommunication",0,0,0,0,0,0
698,2013,19,"Human Resources and Security","HR",2,"nonconformity",0,0,0,0,0,0
699,2013,20,"Internal Market and Services","MARKT",1,"noncommunication",30,5,0,0,0,0
700,2013,20,"Internal Market and Services","MARKT",2,"nonconformity",4,6,0,1,0,0
701,2013,21,"Internal Market, Industry, Entrepreneurship and SMEs","GROW",1,"noncommunication",6,0,0,0,0,0
702,2013,21,"Internal Market, Industry, Entrepreneurship and SMEs","GROW",2,"nonconformity",24,8,2,0,0,0
703,2013,22,"Justice and Consumers","JUST",1,"noncommunication",19,3,0,0,0,0
704,2013,22,"Justice and Consumers","JUST",2,"nonconformity",16,5,1,0,0,0
705,2013,23,"Legal Service","SJ",1,"noncommunication",0,0,0,0,0,0
706,2013,23,"Legal Service","SJ",2,"nonconformity",0,0,1,1,0,0
707,2013,24,"Maritime Affairs and Fisheries","MARE",1,"noncommunication",0,0,0,0,0,0
708,2013,24,"Maritime Affairs and Fisheries","MARE",2,"nonconformity",10,1,0,0,0,0
709,2013,25,"Migration and Home Affairs","HOME",1,"noncommunication",23,7,0,0,0,0
710,2013,25,"Migration and Home Affairs","HOME",2,"nonconformity",15,0,0,0,0,0
711,2013,26,"Mobility and Transport","MOVE",1,"noncommunication",36,8,2,0,0,2
712,2013,26,"Mobility and Transport","MOVE",2,"nonconformity",64,15,7,1,0,0
713,2013,27,"Regional and Urban Policy","REGIO",1,"noncommunication",0,0,0,0,0,0
714,2013,27,"Regional and Urban Policy","REGIO",2,"nonconformity",0,0,0,0,0,0
715,2013,28,"Secretariat-General","SG",1,"noncommunication",0,0,0,0,0,0
716,2013,28,"Secretariat-General","SG",2,"nonconformity",0,0,0,0,0,0
717,2013,29,"Taxation and Customs Union","TAXUD",1,"noncommunication",34,8,0,0,0,0
718,2013,29,"Taxation and Customs Union","TAXUD",2,"nonconformity",37,22,15,2,0,0
719,2013,30,"Trade","TRADE",1,"noncommunication",0,0,0,0,0,0
720,2013,30,"Trade","TRADE",2,"nonconformity",0,0,0,0,0,0
721,2014,1,"Agriculture and Rural Development","AGRI",1,"noncommunication",0,0,0,0,0,0
722,2014,1,"Agriculture and Rural Development","AGRI",2,"nonconformity",1,1,0,0,0,0
723,2014,2,"Budget","BUDG",1,"noncommunication",0,0,0,0,0,0
724,2014,2,"Budget","BUDG",2,"nonconformity",2,2,0,0,0,0
725,2014,3,"Climate Action","CLIMA",1,"noncommunication",0,2,0,0,0,0
726,2014,3,"Climate Action","CLIMA",2,"nonconformity",2,1,1,0,0,0
727,2014,4,"Communication Networks, Content and Technology","CONNECT",1,"noncommunication",19,5,0,0,0,0
728,2014,4,"Communication Networks, Content and Technology","CONNECT",2,"nonconformity",5,2,2,0,0,0
729,2014,5,"Competition","COMP",1,"noncommunication",0,0,0,0,0,0
730,2014,5,"Competition","COMP",2,"nonconformity",2,1,0,2,0,0
731,2014,6,"Defence Industry and Space","DEFIS",1,"noncommunication",0,0,0,0,0,0
732,2014,6,"Defence Industry and Space","DEFIS",2,"nonconformity",0,0,0,0,0,0
733,2014,7,"Economic and Financial Affairs","ECFIN",1,"noncommunication",17,1,0,0,0,0
734,2014,7,"Economic and Financial Affairs","ECFIN",2,"nonconformity",0,0,0,0,0,0
735,2014,8,"Education, Youth, Sport and Culture","EAC",1,"noncommunication",0,0,0,0,0,0
736,2014,8,"Education, Youth, Sport and Culture","EAC",2,"nonconformity",0,0,0,0,0,0
737,2014,9,"Employment, Social Affairs and Inclusion","EMPL",1,"noncommunication",18,1,0,0,0,0
738,2014,9,"Employment, Social Affairs and Inclusion","EMPL",2,"nonconformity",24,14,3,0,0,0
739,2014,10,"Energy","ENER",1,"noncommunication",25,7,1,0,0,6
740,2014,10,"Energy","ENER",2,"nonconformity",15,5,0,0,0,0
741,2014,11,"Enterprise and Industry","ENTR",1,"noncommunication",36,0,0,0,0,0
742,2014,11,"Enterprise and Industry","ENTR",2,"nonconformity",0,0,0,0,0,0
743,2014,12,"Environment","ENV",1,"noncommunication",127,20,0,0,0,2
744,2014,12,"Environment","ENV",2,"nonconformity",57,40,12,3,0,2
745,2014,13,"European Neighbourhood and Enlargement Negotiations","NEAR",1,"noncommunication",0,0,0,0,0,0
746,2014,13,"European Neighbourhood and Enlargement Negotiations","NEAR",2,"nonconformity",0,1,1,0,0,0
747,2014,14,"Eurostat","EUROSTAT",1,"noncommunication",0,0,0,0,0,0
748,2014,14,"Eurostat","EUROSTAT",2,"nonconformity",0,0,0,0,0,0
749,2014,15,"External Relations","RELEX",1,"noncommunication",0,0,0,0,0,0
750,2014,15,"External Relations","RELEX",2,"nonconformity",0,0,0,0,0,0
751,2014,16,"Financial Stability, Financial Services and Capital Markets Union","FISMA",1,"noncommunication",36,14,0,0,0,0
752,2014,16,"Financial Stability, Financial Services and Capital Markets Union","FISMA",2,"nonconformity",7,0,0,0,0,0
753,2014,17,"Health and Consumers","SANCO",1,"noncommunication",68,7,0,0,0,0
754,2014,17,"Health and Consumers","SANCO",2,"nonconformity",1,0,0,0,0,0
755,2014,18,"Health and Food Safety","SANTE",1,"noncommunication",60,19,0,0,0,0
756,2014,18,"Health and Food Safety","SANTE",2,"nonconformity",6,5,1,0,0,0
757,2014,19,"Human Resources and Security","HR",1,"noncommunication",0,0,0,0,0,0
758,2014,19,"Human Resources and Security","HR",2,"nonconformity",0,0,0,0,0,0
759,2014,20,"Internal Market and Services","MARKT",1,"noncommunication",15,2,0,0,0,0
760,2014,20,"Internal Market and Services","MARKT",2,"nonconformity",3,0,1,0,0,0
761,2014,21,"Internal Market, Industry, Entrepreneurship and SMEs","GROW",1,"noncommunication",8,4,0,0,0,0
762,2014,21,"Internal Market, Industry, Entrepreneurship and SMEs","GROW",2,"nonconformity",36,15,4,1,0,0
763,2014,22,"Justice and Consumers","JUST",1,"noncommunication",44,5,0,0,0,0
764,2014,22,"Justice and Consumers","JUST",2,"nonconformity",16,5,2,0,0,0
765,2014,23,"Legal Service","SJ",1,"noncommunication",0,0,0,0,0,0
766,2014,23,"Legal Service","SJ",2,"nonconformity",3,0,0,0,0,0
767,2014,24,"Maritime Affairs and Fisheries","MARE",1,"noncommunication",0,0,0,0,0,0
768,2014,24,"Maritime Affairs and Fisheries","MARE",2,"nonconformity",2,5,0,0,0,0
769,2014,25,"Migration and Home Affairs","HOME",1,"noncommunication",37,1,0,0,0,0
770,2014,25,"Migration and Home Affairs","HOME",2,"nonconformity",22,6,0,0,0,0
771,2014,26,"Mobility and Transport","MOVE",1,"noncommunication",76,10,0,0,0,0
772,2014,26,"Mobility and Transport","MOVE",2,"nonconformity",118,33,6,4,0,0
773,2014,27,"Regional and Urban Policy","REGIO",1,"noncommunication",0,0,0,0,0,0
774,2014,27,"Regional and Urban Policy","REGIO",2,"nonconformity",0,0,0,0,0,0
775,2014,28,"Secretariat-General","SG",1,"noncommunication",0,0,0,0,0,0
776,2014,28,"Secretariat-General","SG",2,"nonconformity",0,0,0,0,0,0
777,2014,29,"Taxation and Customs Union","TAXUD",1,"noncommunication",0,1,0,0,0,0
778,2014,29,"Taxation and Customs Union","TAXUD",2,"nonconformity",28,20,14,0,0,0
779,2014,30,"Trade","TRADE",1,"noncommunication",0,0,0,0,0,0
780,2014,30,"Trade","TRADE",2,"nonconformity",0,0,0,0,0,0
781,2015,1,"Agriculture and Rural Development","AGRI",1,"noncommunication",11,1,0,0,0,0
782,2015,1,"Agriculture and Rural Development","AGRI",2,"nonconformity",1,0,1,0,0,0
783,2015,2,"Budget","BUDG",1,"noncommunication",0,0,0,0,0,0
784,2015,2,"Budget","BUDG",2,"nonconformity",2,0,0,1,0,0
785,2015,3,"Climate Action","CLIMA",1,"noncommunication",9,1,0,0,0,0
786,2015,3,"Climate Action","CLIMA",2,"nonconformity",0,0,0,0,0,0
787,2015,4,"Communication Networks, Content and Technology","CONNECT",1,"noncommunication",17,6,0,0,0,0
788,2015,4,"Communication Networks, Content and Technology","CONNECT",2,"nonconformity",1,1,0,0,0,0
789,2015,5,"Competition","COMP",1,"noncommunication",0,0,0,0,0,0
790,2015,5,"Competition","COMP",2,"nonconformity",0,0,0,1,0,1
791,2015,6,"Defence Industry and Space","DEFIS",1,"noncommunication",0,0,0,0,0,0
792,2015,6,"Defence Industry and Space","DEFIS",2,"nonconformity",0,0,0,0,0,0
793,2015,7,"Economic and Financial Affairs","ECFIN",1,"noncommunication",0,0,0,0,0,0
794,2015,7,"Economic and Financial Affairs","ECFIN",2,"nonconformity",0,0,0,0,0,0
795,2015,8,"Education, Youth, Sport and Culture","EAC",1,"noncommunication",0,0,0,0,0,0
796,2015,8,"Education, Youth, Sport and Culture","EAC",2,"nonconformity",0,0,0,0,0,0
797,2015,9,"Employment, Social Affairs and Inclusion","EMPL",1,"noncommunication",14,3,0,0,0,0
798,2015,9,"Employment, Social Affairs and Inclusion","EMPL",2,"nonconformity",12,8,2,0,0,0
799,2015,10,"Energy","ENER",1,"noncommunication",23,31,0,0,0,2
800,2015,10,"Energy","ENER",2,"nonconformity",17,6,2,0,0,0
801,2015,11,"Enterprise and Industry","ENTR",1,"noncommunication",0,0,0,0,0,0
802,2015,11,"Enterprise and Industry","ENTR",2,"nonconformity",0,0,0,0,0,0
803,2015,12,"Environment","ENV",1,"noncommunication",88,8,2,0,0,4
804,2015,12,"Environment","ENV",2,"nonconformity",46,32,12,3,0,2
805,2015,13,"European Neighbourhood and Enlargement Negotiations","NEAR",1,"noncommunication",0,0,0,0,0,0
806,2015,13,"European Neighbourhood and Enlargement Negotiations","NEAR",2,"nonconformity",1,0,0,0,0,0
807,2015,14,"Eurostat","EUROSTAT",1,"noncommunication",0,0,0,0,0,0
808,2015,14,"Eurostat","EUROSTAT",2,"nonconformity",0,0,0,0,0,0
809,2015,15,"External Relations","RELEX",1,"noncommunication",0,0,0,0,0,0
810,2015,15,"External Relations","RELEX",2,"nonconformity",0,0,0,0,0,0
811,2015,16,"Financial Stability, Financial Services and Capital Markets Union","FISMA",1,"noncommunication",125,38,0,0,0,7
812,2015,16,"Financial Stability, Financial Services and Capital Markets Union","FISMA",2,"nonconformity",11,2,0,0,0,0
813,2015,17,"Health and Consumers","SANCO",1,"noncommunication",0,0,0,0,0,0
814,2015,17,"Health and Consumers","SANCO",2,"nonconformity",0,0,0,0,0,0
815,2015,18,"Health and Food Safety","SANTE",1,"noncommunication",18,7,0,0,0,0
816,2015,18,"Health and Food Safety","SANTE",2,"nonconformity",2,2,1,0,0,0
817,2015,19,"Human Resources and Security","HR",1,"noncommunication",0,0,0,0,0,0
818,2015,19,"Human Resources and Security","HR",2,"nonconformity",0,0,0,0,0,0
819,2015,20,"Internal Market and Services","MARKT",1,"noncommunication",0,0,0,0,0,0
820,2015,20,"Internal Market and Services","MARKT",2,"nonconformity",0,0,0,0,0,0
821,2015,21,"Internal Market, Industry, Entrepreneurship and SMEs","GROW",1,"noncommunication",56,1,0,0,0,0
822,2015,21,"Internal Market, Industry, Entrepreneurship and SMEs","GROW",2,"nonconformity",26,4,4,0,0,0
823,2015,22,"Justice and Consumers","JUST",1,"noncommunication",30,2,0,0,0,0
824,2015,22,"Justice and Consumers","JUST",2,"nonconformity",12,2,0,0,0,0
825,2015,23,"Legal Service","SJ",1,"noncommunication",0,0,0,0,0,0
826,2015,23,"Legal Service","SJ",2,"nonconformity",1,0,0,0,0,0
827,2015,24,"Maritime Affairs and Fisheries","MARE",1,"noncommunication",0,0,0,0,0,0
828,2015,24,"Maritime Affairs and Fisheries","MARE",2,"nonconformity",2,1,0,0,0,0
829,2015,25,"Migration and Home Affairs","HOME",1,"noncommunication",48,16,0,0,0,1
830,2015,25,"Migration and Home Affairs","HOME",2,"nonconformity",10,12,0,0,0,0
831,2015,26,"Mobility and Transport","MOVE",1,"noncommunication",94,5,0,0,0,0
832,2015,26,"Mobility and Transport","MOVE",2,"nonconformity",71,44,20,2,0,0
833,2015,27,"Regional and Urban Policy","REGIO",1,"noncommunication",0,0,0,0,0,0
834,2015,27,"Regional and Urban Policy","REGIO",2,"nonconformity",0,0,0,0,0,0
835,2015,28,"Secretariat-General","SG",1,"noncommunication",0,0,0,0,0,0
836,2015,28,"Secretariat-General","SG",2,"nonconformity",0,0,0,0,0,0
837,2015,29,"Taxation and Customs Union","TAXUD",1,"noncommunication",11,0,0,0,0,0
838,2015,29,"Taxation and Customs Union","TAXUD",2,"nonconformity",23,16,8,1,0,0
839,2015,30,"Trade","TRADE",1,"noncommunication",0,0,0,0,0,0
840,2015,30,"Trade","TRADE",2,"nonconformity",0,0,0,0,0,0
841,2016,1,"Agriculture and Rural Development","AGRI",1,"noncommunication",0,0,0,0,0,0
842,2016,1,"Agriculture and Rural Development","AGRI",2,"nonconformity",1,1,0,0,0,0
843,2016,2,"Budget","BUDG",1,"noncommunication",0,0,0,0,0,0
844,2016,2,"Budget","BUDG",2,"nonconformity",0,2,3,0,0,0
845,2016,3,"Climate Action","CLIMA",1,"noncommunication",0,1,0,0,0,0
846,2016,3,"Climate Action","CLIMA",2,"nonconformity",0,0,0,0,0,0
847,2016,4,"Communication Networks, Content and Technology","CONNECT",1,"noncommunication",50,24,0,0,0,0
848,2016,4,"Communication Networks, Content and Technology","CONNECT",2,"nonconformity",3,1,0,0,0,0
849,2016,5,"Competition","COMP",1,"noncommunication",0,0,0,0,0,0
850,2016,5,"Competition","COMP",2,"nonconformity",0,0,0,0,0,1
851,2016,6,"Defence Industry and Space","DEFIS",1,"noncommunication",0,0,0,0,0,0
852,2016,6,"Defence Industry and Space","DEFIS",2,"nonconformity",0,0,0,0,0,0
853,2016,7,"Economic and Financial Affairs","ECFIN",1,"noncommunication",5,0,0,0,0,0
854,2016,7,"Economic and Financial Affairs","ECFIN",2,"nonconformity",0,0,0,0,0,0
855,2016,8,"Education, Youth, Sport and Culture","EAC",1,"noncommunication",0,0,0,0,0,0
856,2016,8,"Education, Youth, Sport and Culture","EAC",2,"nonconformity",0,0,0,0,0,0
857,2016,9,"Employment, Social Affairs and Inclusion","EMPL",1,"noncommunication",39,2,0,0,0,1
858,2016,9,"Employment, Social Affairs and Inclusion","EMPL",2,"nonconformity",1,1,0,0,0,0
859,2016,10,"Energy","ENER",1,"noncommunication",4,13,0,0,0,0
860,2016,10,"Energy","ENER",2,"nonconformity",26,12,1,0,0,0
861,2016,11,"Enterprise and Industry","ENTR",1,"noncommunication",0,0,0,0,0,0
862,2016,11,"Enterprise and Industry","ENTR",2,"nonconformity",0,0,0,0,0,0
863,2016,12,"Environment","ENV",1,"noncommunication",50,9,0,0,0,0
864,2016,12,"Environment","ENV",2,"nonconformity",46,24,7,6,0,3
865,2016,13,"European Neighbourhood and Enlargement Negotiations","NEAR",1,"noncommunication",0,0,0,0,0,0
866,2016,13,"European Neighbourhood and Enlargement Negotiations","NEAR",2,"nonconformity",0,0,0,0,0,0
867,2016,14,"Eurostat","EUROSTAT",1,"noncommunication",0,0,0,0,0,0
868,2016,14,"Eurostat","EUROSTAT",2,"nonconformity",0,0,0,0,0,0
869,2016,15,"External Relations","RELEX",1,"noncommunication",0,0,0,0,0,0
870,2016,15,"External Relations","RELEX",2,"nonconformity",0,0,0,0,0,0
871,2016,16,"Financial Stability, Financial Services and Capital Markets Union","FISMA",1,"noncommunication",116,25,0,0,0,1
872,2016,16,"Financial Stability, Financial Services and Capital Markets Union","FISMA",2,"nonconformity",4,12,1,0,0,0
873,2016,17,"Health and Consumers","SANCO",1,"noncommunication",0,0,0,0,0,0
874,2016,17,"Health and Consumers","SANCO",2,"nonconformity",0,0,0,0,0,0
875,2016,18,"Health and Food Safety","SANTE",1,"noncommunication",147,6,0,0,0,0
876,2016,18,"Health and Food Safety","SANTE",2,"nonconformity",2,1,0,0,0,0
877,2016,19,"Human Resources and Security","HR",1,"noncommunication",0,0,0,0,0,0
878,2016,19,"Human Resources and Security","HR",2,"nonconformity",0,0,0,0,0,0
879,2016,20,"Internal Market and Services","MARKT",1,"noncommunication",0,0,0,0,0,0
880,2016,20,"Internal Market and Services","MARKT",2,"nonconformity",0,0,0,0,0,0
881,2016,21,"Internal Market, Industry, Entrepreneurship and SMEs","GROW",1,"noncommunication",267,81,0,0,0,0
882,2016,21,"Internal Market, Industry, Entrepreneurship and SMEs","GROW",2,"nonconformity",27,12,5,0,0,0
883,2016,22,"Justice and Consumers","JUST",1,"noncommunication",34,5,0,0,0,0
884,2016,22,"Justice and Consumers","JUST",2,"nonconformity",4,0,0,1,0,0
885,2016,23,"Legal Service","SJ",1,"noncommunication",0,0,0,0,0,0
886,2016,23,"Legal Service","SJ",2,"nonconformity",0,0,0,0,0,0
887,2016,24,"Maritime Affairs and Fisheries","MARE",1,"noncommunication",8,0,0,0,0,0
888,2016,24,"Maritime Affairs and Fisheries","MARE",2,"nonconformity",1,0,0,0,0,0
889,2016,25,"Migration and Home Affairs","HOME",1,"noncommunication",39,13,0,0,0,0
890,2016,25,"Migration and Home Affairs","HOME",2,"nonconformity",12,1,1,0,0,0
891,2016,26,"Mobility and Transport","MOVE",1,"noncommunication",54,16,0,0,0,3
892,2016,26,"Mobility and Transport","MOVE",2,"nonconformity",21,26,11,0,0,2
893,2016,27,"Regional and Urban Policy","REGIO",1,"noncommunication",0,0,0,0,0,0
894,2016,27,"Regional and Urban Policy","REGIO",2,"nonconformity",0,0,0,0,0,0
895,2016,28,"Secretariat-General","SG",1,"noncommunication",0,0,0,0,0,0
896,2016,28,"Secretariat-General","SG",2,"nonconformity",0,0,0,0,0,0
897,2016,29,"Taxation and Customs Union","TAXUD",1,"noncommunication",34,1,0,0,0,0
898,2016,29,"Taxation and Customs Union","TAXUD",2,"nonconformity",7,5,2,1,0,0
899,2016,30,"Trade","TRADE",1,"noncommunication",0,0,0,0,0,0
900,2016,30,"Trade","TRADE",2,"nonconformity",0,0,0,0,0,0
901,2017,1,"Agriculture and Rural Development","AGRI",1,"noncommunication",8,3,0,0,0,0
902,2017,1,"Agriculture and Rural Development","AGRI",2,"nonconformity",0,0,0,0,0,0
903,2017,2,"Budget","BUDG",1,"noncommunication",0,0,0,0,0,0
904,2017,2,"Budget","BUDG",2,"nonconformity",0,0,0,0,0,0
905,2017,3,"Climate Action","CLIMA",1,"noncommunication",23,0,0,0,0,0
906,2017,3,"Climate Action","CLIMA",2,"nonconformity",0,0,0,0,0,0
907,2017,4,"Communication Networks, Content and Technology","CONNECT",1,"noncommunication",0,13,0,0,0,7
908,2017,4,"Communication Networks, Content and Technology","CONNECT",2,"nonconformity",10,0,0,0,0,0
909,2017,5,"Competition","COMP",1,"noncommunication",21,7,0,0,0,0
910,2017,5,"Competition","COMP",2,"nonconformity",0,0,0,0,0,0
911,2017,6,"Defence Industry and Space","DEFIS",1,"noncommunication",0,0,0,0,0,0
912,2017,6,"Defence Industry and Space","DEFIS",2,"nonconformity",0,0,0,0,0,0
913,2017,7,"Economic and Financial Affairs","ECFIN",1,"noncommunication",4,0,0,0,0,1
914,2017,7,"Economic and Financial Affairs","ECFIN",2,"nonconformity",1,0,0,0,0,0
915,2017,8,"Education, Youth, Sport and Culture","EAC",1,"noncommunication",0,0,0,0,0,0
916,2017,8,"Education, Youth, Sport and Culture","EAC",2,"nonconformity",0,0,0,0,0,0
917,2017,9,"Employment, Social Affairs and Inclusion","EMPL",1,"noncommunication",18,20,0,0,0,3
918,2017,9,"Employment, Social Affairs and Inclusion","EMPL",2,"nonconformity",0,0,0,0,0,0
919,2017,10,"Energy","ENER",1,"noncommunication",15,2,0,0,0,0
920,2017,10,"Energy","ENER",2,"nonconformity",11,9,0,0,0,0
921,2017,11,"Enterprise and Industry","ENTR",1,"noncommunication",0,0,0,0,0,0
922,2017,11,"Enterprise and Industry","ENTR",2,"nonconformity",0,0,0,0,0,0
923,2017,12,"Environment","ENV",1,"noncommunication",113,18,0,0,0,0
924,2017,12,"Environment","ENV",2,"nonconformity",65,27,7,6,0,0
925,2017,13,"European Neighbourhood and Enlargement Negotiations","NEAR",1,"noncommunication",0,0,0,0,0,0
926,2017,13,"European Neighbourhood and Enlargement Negotiations","NEAR",2,"nonconformity",0,0,0,0,0,0
927,2017,14,"Eurostat","EUROSTAT",1,"noncommunication",0,0,0,0,0,0
928,2017,14,"Eurostat","EUROSTAT",2,"nonconformity",0,0,0,0,0,0
929,2017,15,"External Relations","RELEX",1,"noncommunication",0,0,0,0,0,0
930,2017,15,"External Relations","RELEX",2,"nonconformity",0,0,0,0,0,0
931,2017,16,"Financial Stability, Financial Services and Capital Markets Union","FISMA",1,"noncommunication",92,46,1,0,0,8
932,2017,16,"Financial Stability, Financial Services and Capital Markets Union","FISMA",2,"nonconformity",0,0,1,0,0,0
933,2017,17,"Health and Consumers","SANCO",1,"noncommunication",0,0,0,0,0,0
934,2017,17,"Health and Consumers","SANCO",2,"nonconformity",0,0,0,0,0,0
935,2017,18,"Health and Food Safety","SANTE",1,"noncommunication",62,0,0,0,0,0
936,2017,18,"Health and Food Safety","SANTE",2,"nonconformity",0,1,0,0,0,0
937,2017,19,"Human Resources and Security","HR",1,"noncommunication",0,0,0,0,0,0
938,2017,19,"Human Resources and Security","HR",2,"nonconformity",0,0,0,0,0,0
939,2017,20,"Internal Market and Services","MARKT",1,"noncommunication",0,0,0,0,0,0
940,2017,20,"Internal Market and Services","MARKT",2,"nonconformity",0,0,0,0,0,0
941,2017,21,"Internal Market, Industry, Entrepreneurship and SMEs","GROW",1,"noncommunication",7,28,0,0,0,12
942,2017,21,"Internal Market, Industry, Entrepreneurship and SMEs","GROW",2,"nonconformity",31,9,6,1,0,0
943,2017,22,"Justice and Consumers","JUST",1,"noncommunication",32,8,0,0,0,0
944,2017,22,"Justice and Consumers","JUST",2,"nonconformity",7,3,2,0,0,0
945,2017,23,"Legal Service","SJ",1,"noncommunication",0,0,0,0,0,0
946,2017,23,"Legal Service","SJ",2,"nonconformity",1,0,0,0,0,0
947,2017,24,"Maritime Affairs and Fisheries","MARE",1,"noncommunication",0,5,0,0,0,3
948,2017,24,"Maritime Affairs and Fisheries","MARE",2,"nonconformity",1,1,0,0,0,0
949,2017,25,"Migration and Home Affairs","HOME",1,"noncommunication",17,9,0,0,0,1
950,2017,25,"Migration and Home Affairs","HOME",2,"nonconformity",10,12,3,0,0,0
951,2017,26,"Mobility and Transport","MOVE",1,"noncommunication",129,31,0,0,0,0
952,2017,26,"Mobility and Transport","MOVE",2,"nonconformity",27,14,6,4,0,0
953,2017,27,"Regional and Urban Policy","REGIO",1,"noncommunication",0,0,0,0,0,0
954,2017,27,"Regional and Urban Policy","REGIO",2,"nonconformity",0,0,0,0,0,0
955,2017,28,"Secretariat-General","SG",1,"noncommunication",0,0,0,0,0,0
956,2017,28,"Secretariat-General","SG",2,"nonconformity",1,0,0,0,0,0
957,2017,29,"Taxation and Customs Union","TAXUD",1,"noncommunication",16,5,0,0,0,0
958,2017,29,"Taxation and Customs Union","TAXUD",2,"nonconformity",13,5,3,0,0,0
959,2017,30,"Trade","TRADE",1,"noncommunication",0,0,0,0,0,0
960,2017,30,"Trade","TRADE",2,"nonconformity",0,0,0,0,0,0
961,2018,1,"Agriculture and Rural Development","AGRI",1,"noncommunication",0,0,0,0,0,0
962,2018,1,"Agriculture and Rural Development","AGRI",2,"nonconformity",2,0,0,0,0,0
963,2018,2,"Budget","BUDG",1,"noncommunication",0,0,0,0,0,0
964,2018,2,"Budget","BUDG",2,"nonconformity",4,1,1,0,0,0
965,2018,3,"Climate Action","CLIMA",1,"noncommunication",0,10,0,0,0,0
966,2018,3,"Climate Action","CLIMA",2,"nonconformity",0,0,0,0,0,0
967,2018,4,"Communication Networks, Content and Technology","CONNECT",1,"noncommunication",53,0,0,0,0,3
968,2018,4,"Communication Networks, Content and Technology","CONNECT",2,"nonconformity",3,1,1,0,0,0
969,2018,5,"Competition","COMP",1,"noncommunication",0,0,0,0,0,0
970,2018,5,"Competition","COMP",2,"nonconformity",0,0,0,0,0,0
971,2018,6,"Defence Industry and Space","DEFIS",1,"noncommunication",0,0,0,0,0,0
972,2018,6,"Defence Industry and Space","DEFIS",2,"nonconformity",2,0,0,0,0,0
973,2018,7,"Economic and Financial Affairs","ECFIN",1,"noncommunication",0,0,0,0,0,0
974,2018,7,"Economic and Financial Affairs","ECFIN",2,"nonconformity",0,1,0,0,0,0
975,2018,8,"Education, Youth, Sport and Culture","EAC",1,"noncommunication",0,0,0,0,0,0
976,2018,8,"Education, Youth, Sport and Culture","EAC",2,"nonconformity",0,0,0,0,0,0
977,2018,9,"Employment, Social Affairs and Inclusion","EMPL",1,"noncommunication",20,2,0,0,0,0
978,2018,9,"Employment, Social Affairs and Inclusion","EMPL",2,"nonconformity",1,0,0,0,0,0
979,2018,10,"Energy","ENER",1,"noncommunication",11,1,0,0,0,0
980,2018,10,"Energy","ENER",2,"nonconformity",47,4,6,0,0,0
981,2018,11,"Enterprise and Industry","ENTR",1,"noncommunication",0,0,0,0,0,0
982,2018,11,"Enterprise and Industry","ENTR",2,"nonconformity",0,0,0,0,0,0
983,2018,12,"Environment","ENV",1,"noncommunication",41,11,0,0,0,0
984,2018,12,"Environment","ENV",2,"nonconformity",37,19,12,4,0,1
985,2018,13,"European Neighbourhood and Enlargement Negotiations","NEAR",1,"noncommunication",0,0,0,0,0,0
986,2018,13,"European Neighbourhood and Enlargement Negotiations","NEAR",2,"nonconformity",0,0,0,0,0,0
987,2018,14,"Eurostat","EUROSTAT",1,"noncommunication",0,0,0,0,0,0
988,2018,14,"Eurostat","EUROSTAT",2,"nonconformity",0,0,0,0,0,0
989,2018,15,"External Relations","RELEX",1,"noncommunication",0,0,0,0,0,0
990,2018,15,"External Relations","RELEX",2,"nonconformity",0,0,0,0,0,0
991,2018,16,"Financial Stability, Financial Services and Capital Markets Union","FISMA",1,"noncommunication",33,40,2,0,0,7
992,2018,16,"Financial Stability, Financial Services and Capital Markets Union","FISMA",2,"nonconformity",1,0,0,0,0,0
993,2018,17,"Health and Consumers","SANCO",1,"noncommunication",0,0,0,0,0,0
994,2018,17,"Health and Consumers","SANCO",2,"nonconformity",0,0,0,0,0,0
995,2018,18,"Health and Food Safety","SANTE",1,"noncommunication",50,0,1,0,0,0
996,2018,18,"Health and Food Safety","SANTE",2,"nonconformity",0,0,1,0,0,0
997,2018,19,"Human Resources and Security","HR",1,"noncommunication",0,0,0,0,0,0
998,2018,19,"Human Resources and Security","HR",2,"nonconformity",0,0,0,0,0,0
999,2018,20,"Internal Market and Services","MARKT",1,"noncommunication",0,0,0,0,0,0
1000,2018,20,"Internal Market and Services","MARKT",2,"nonconformity",0,0,0,0,0,0
1001,2018,21,"Internal Market, Industry, Entrepreneurship and SMEs","GROW",1,"noncommunication",35,0,0,0,0,0
1002,2018,21,"Internal Market, Industry, Entrepreneurship and SMEs","GROW",2,"nonconformity",46,6,0,0,0,0
1003,2018,22,"Justice and Consumers","JUST",1,"noncommunication",49,13,0,0,0,2
1004,2018,22,"Justice and Consumers","JUST",2,"nonconformity",4,3,1,0,0,0
1005,2018,23,"Legal Service","SJ",1,"noncommunication",0,0,0,0,0,0
1006,2018,23,"Legal Service","SJ",2,"nonconformity",0,1,0,0,0,0
1007,2018,24,"Maritime Affairs and Fisheries","MARE",1,"noncommunication",0,0,0,0,0,0
1008,2018,24,"Maritime Affairs and Fisheries","MARE",2,"nonconformity",2,2,0,0,0,0
1009,2018,25,"Migration and Home Affairs","HOME",1,"noncommunication",75,2,0,0,0,1
1010,2018,25,"Migration and Home Affairs","HOME",2,"nonconformity",4,0,2,0,0,0
1011,2018,26,"Mobility and Transport","MOVE",1,"noncommunication",38,25,0,0,0,0
1012,2018,26,"Mobility and Transport","MOVE",2,"nonconformity",60,1,5,0,0,1
1013,2018,27,"Regional and Urban Policy","REGIO",1,"noncommunication",0,0,0,0,0,0
1014,2018,27,"Regional and Urban Policy","REGIO",2,"nonconformity",0,0,0,0,0,0
1015,2018,28,"Secretariat-General","SG",1,"noncommunication",0,0,0,0,0,0
1016,2018,28,"Secretariat-General","SG",2,"nonconformity",0,0,0,0,0,0
1017,2018,29,"Taxation and Customs Union","TAXUD",1,"noncommunication",14,5,0,0,0,0
1018,2018,29,"Taxation and Customs Union","TAXUD",2,"nonconformity",27,9,0,1,0,0
1019,2018,30,"Trade","TRADE",1,"noncommunication",0,0,0,0,0,0
1020,2018,30,"Trade","TRADE",2,"nonconformity",0,0,0,0,0,0
1021,2019,1,"Agriculture and Rural Development","AGRI",1,"noncommunication",0,0,0,0,0,0
1022,2019,1,"Agriculture and Rural Development","AGRI",2,"nonconformity",0,2,1,0,0,0
1023,2019,2,"Budget","BUDG",1,"noncommunication",0,0,0,0,0,0
1024,2019,2,"Budget","BUDG",2,"nonconformity",0,1,0,0,0,0
1025,2019,3,"Climate Action","CLIMA",1,"noncommunication",15,0,0,0,0,0
1026,2019,3,"Climate Action","CLIMA",2,"nonconformity",2,0,0,0,0,0
1027,2019,4,"Communication Networks, Content and Technology","CONNECT",1,"noncommunication",0,5,0,0,0,0
1028,2019,4,"Communication Networks, Content and Technology","CONNECT",2,"nonconformity",17,1,0,0,0,0
1029,2019,5,"Competition","COMP",1,"noncommunication",0,0,0,0,0,0
1030,2019,5,"Competition","COMP",2,"nonconformity",0,0,0,1,0,1
1031,2019,6,"Defence Industry and Space","DEFIS",1,"noncommunication",9,0,0,0,0,0
1032,2019,6,"Defence Industry and Space","DEFIS",2,"nonconformity",0,0,0,0,0,0
1033,2019,7,"Economic and Financial Affairs","ECFIN",1,"noncommunication",0,0,0,0,0,0
1034,2019,7,"Economic and Financial Affairs","ECFIN",2,"nonconformity",0,0,1,0,0,0
1035,2019,8,"Education, Youth, Sport and Culture","EAC",1,"noncommunication",0,0,0,0,0,0
1036,2019,8,"Education, Youth, Sport and Culture","EAC",2,"nonconformity",0,0,0,0,0,0
1037,2019,9,"Employment, Social Affairs and Inclusion","EMPL",1,"noncommunication",0,4,0,0,0,0
1038,2019,9,"Employment, Social Affairs and Inclusion","EMPL",2,"nonconformity",4,2,0,0,0,0
1039,2019,10,"Energy","ENER",1,"noncommunication",31,9,1,0,0,0
1040,2019,10,"Energy","ENER",2,"nonconformity",22,10,4,0,0,0
1041,2019,11,"Enterprise and Industry","ENTR",1,"noncommunication",0,0,0,0,0,0
1042,2019,11,"Enterprise and Industry","ENTR",2,"nonconformity",0,0,0,0,0,0
1043,2019,12,"Environment","ENV",1,"noncommunication",59,7,0,0,0,0
1044,2019,12,"Environment","ENV",2,"nonconformity",122,38,9,3,0,1
1045,2019,13,"European Neighbourhood and Enlargement Negotiations","NEAR",1,"noncommunication",0,0,0,0,0,0
1046,2019,13,"European Neighbourhood and Enlargement Negotiations","NEAR",2,"nonconformity",0,0,0,0,0,0
1047,2019,14,"Eurostat","EUROSTAT",1,"noncommunication",0,0,0,0,0,0
1048,2019,14,"Eurostat","EUROSTAT",2,"nonconformity",0,0,0,0,0,0
1049,2019,15,"External Relations","RELEX",1,"noncommunication",0,0,0,0,0,0
1050,2019,15,"External Relations","RELEX",2,"nonconformity",0,0,0,0,0,0
1051,2019,16,"Financial Stability, Financial Services and Capital Markets Union","FISMA",1,"noncommunication",35,28,0,0,0,0
1052,2019,16,"Financial Stability, Financial Services and Capital Markets Union","FISMA",2,"nonconformity",11,1,0,0,0,0
1053,2019,17,"Health and Consumers","SANCO",1,"noncommunication",0,0,0,0,0,0
1054,2019,17,"Health and Consumers","SANCO",2,"nonconformity",0,0,0,0,0,0
1055,2019,18,"Health and Food Safety","SANTE",1,"noncommunication",56,2,0,0,0,0
1056,2019,18,"Health and Food Safety","SANTE",2,"nonconformity",4,1,0,0,0,0
1057,2019,19,"Human Resources and Security","HR",1,"noncommunication",0,0,0,0,0,0
1058,2019,19,"Human Resources and Security","HR",2,"nonconformity",0,0,0,0,0,0
1059,2019,20,"Internal Market and Services","MARKT",1,"noncommunication",0,0,0,0,0,0
1060,2019,20,"Internal Market and Services","MARKT",2,"nonconformity",0,0,0,0,0,0
1061,2019,21,"Internal Market, Industry, Entrepreneurship and SMEs","GROW",1,"noncommunication",25,8,0,0,0,0
1062,2019,21,"Internal Market, Industry, Entrepreneurship and SMEs","GROW",2,"nonconformity",127,55,2,2,0,0
1063,2019,22,"Justice and Consumers","JUST",1,"noncommunication",61,34,0,0,0,3
1064,2019,22,"Justice and Consumers","JUST",2,"nonconformity",14,2,1,0,0,0
1065,2019,23,"Legal Service","SJ",1,"noncommunication",0,0,0,0,0,0
1066,2019,23,"Legal Service","SJ",2,"nonconformity",2,0,1,0,0,0
1067,2019,24,"Maritime Affairs and Fisheries","MARE",1,"noncommunication",0,0,0,0,0,0
1068,2019,24,"Maritime Affairs and Fisheries","MARE",2,"nonconformity",1,0,0,0,0,0
1069,2019,25,"Migration and Home Affairs","HOME",1,"noncommunication",23,40,0,0,0,1
1070,2019,25,"Migration and Home Affairs","HOME",2,"nonconformity",37,5,2,0,0,0
1071,2019,26,"Mobility and Transport","MOVE",1,"noncommunication",45,12,0,0,0,0
1072,2019,26,"Mobility and Transport","MOVE",2,"nonconformity",39,16,1,1,0,0
1073,2019,27,"Regional and Urban Policy","REGIO",1,"noncommunication",0,0,0,0,0,0
1074,2019,27,"Regional and Urban Policy","REGIO",2,"nonconformity",0,0,0,0,0,0
1075,2019,28,"Secretariat-General","SG",1,"noncommunication",0,0,0,0,0,0
1076,2019,28,"Secretariat-General","SG",2,"nonconformity",0,0,0,0,0,0
1077,2019,29,"Taxation and Customs Union","TAXUD",1,"noncommunication",47,11,0,0,0,0
1078,2019,29,"Taxation and Customs Union","TAXUD",2,"nonconformity",20,23,9,0,0,1
1079,2019,30,"Trade","TRADE",1,"noncommunication",0,0,0,0,0,0
1080,2019,30,"Trade","TRADE",2,"nonconformity",0,0,0,0,0,0
1081,2020,1,"Agriculture and Rural Development","AGRI",1,"noncommunication",0,0,0,0,0,0
1082,2020,1,"Agriculture and Rural Development","AGRI",2,"nonconformity",0,0,0,0,0,0
1083,2020,2,"Budget","BUDG",1,"noncommunication",0,0,0,0,0,0
1084,2020,2,"Budget","BUDG",2,"nonconformity",0,0,0,0,0,0
1085,2020,3,"Climate Action","CLIMA",1,"noncommunication",4,0,0,0,0,0
1086,2020,3,"Climate Action","CLIMA",2,"nonconformity",0,1,0,0,0,0
1087,2020,4,"Communication Networks, Content and Technology","CONNECT",1,"noncommunication",0,2,0,0,0,0
1088,2020,4,"Communication Networks, Content and Technology","CONNECT",2,"nonconformity",0,0,0,0,0,0
1089,2020,5,"Competition","COMP",1,"noncommunication",0,0,0,0,0,0
1090,2020,5,"Competition","COMP",2,"nonconformity",0,0,0,0,0,0
1091,2020,6,"Defence Industry and Space","DEFIS",1,"noncommunication",0,0,0,0,0,0
1092,2020,6,"Defence Industry and Space","DEFIS",2,"nonconformity",0,0,0,0,0,0
1093,2020,7,"Economic and Financial Affairs","ECFIN",1,"noncommunication",0,0,0,0,0,0
1094,2020,7,"Economic and Financial Affairs","ECFIN",2,"nonconformity",0,0,0,0,0,0
1095,2020,8,"Education, Youth, Sport and Culture","EAC",1,"noncommunication",0,0,0,0,0,0
1096,2020,8,"Education, Youth, Sport and Culture","EAC",2,"nonconformity",0,0,0,0,0,0
1097,2020,9,"Employment, Social Affairs and Inclusion","EMPL",1,"noncommunication",17,0,0,0,0,0
1098,2020,9,"Employment, Social Affairs and Inclusion","EMPL",2,"nonconformity",0,0,0,0,0,0
1099,2020,10,"Energy","ENER",1,"noncommunication",1,0,0,0,0,0
1100,2020,10,"Energy","ENER",2,"nonconformity",1,0,0,0,0,0
1101,2020,11,"Enterprise and Industry","ENTR",1,"noncommunication",0,0,0,0,0,0
1102,2020,11,"Enterprise and Industry","ENTR",2,"nonconformity",0,0,0,0,0,0
1103,2020,12,"Environment","ENV",1,"noncommunication",0,0,0,0,0,0
1104,2020,12,"Environment","ENV",2,"nonconformity",7,6,1,0,0,0
1105,2020,13,"European Neighbourhood and Enlargement Negotiations","NEAR",1,"noncommunication",0,0,0,0,0,0
1106,2020,13,"European Neighbourhood and Enlargement Negotiations","NEAR",2,"nonconformity",0,0,0,0,0,0
1107,2020,14,"Eurostat","EUROSTAT",1,"noncommunication",0,0,0,0,0,0
1108,2020,14,"Eurostat","EUROSTAT",2,"nonconformity",0,0,0,0,0,0
1109,2020,15,"External Relations","RELEX",1,"noncommunication",0,0,0,0,0,0
1110,2020,15,"External Relations","RELEX",2,"nonconformity",0,0,0,0,0,0
1111,2020,16,"Financial Stability, Financial Services and Capital Markets Union","FISMA",1,"noncommunication",8,0,0,0,0,0
1112,2020,16,"Financial Stability, Financial Services and Capital Markets Union","FISMA",2,"nonconformity",0,0,0,0,0,0
1113,2020,17,"Health and Consumers","SANCO",1,"noncommunication",0,0,0,0,0,0
1114,2020,17,"Health and Consumers","SANCO",2,"nonconformity",0,0,0,0,0,0
1115,2020,18,"Health and Food Safety","SANTE",1,"noncommunication",0,0,0,0,0,0
1116,2020,18,"Health and Food Safety","SANTE",2,"nonconformity",0,0,0,0,0,0
1117,2020,19,"Human Resources and Security","HR",1,"noncommunication",0,0,0,0,0,0
1118,2020,19,"Human Resources and Security","HR",2,"nonconformity",0,0,0,0,0,0
1119,2020,20,"Internal Market and Services","MARKT",1,"noncommunication",0,0,0,0,0,0
1120,2020,20,"Internal Market and Services","MARKT",2,"nonconformity",0,0,0,0,0,0
1121,2020,21,"Internal Market, Industry, Entrepreneurship and SMEs","GROW",1,"noncommunication",1,0,0,0,0,0
1122,2020,21,"Internal Market, Industry, Entrepreneurship and SMEs","GROW",2,"nonconformity",0,1,0,0,0,0
1123,2020,22,"Justice and Consumers","JUST",1,"noncommunication",0,0,0,0,0,0
1124,2020,22,"Justice and Consumers","JUST",2,"nonconformity",2,0,0,0,0,0
1125,2020,23,"Legal Service","SJ",1,"noncommunication",0,0,0,0,0,0
1126,2020,23,"Legal Service","SJ",2,"nonconformity",0,0,0,0,0,0
1127,2020,24,"Maritime Affairs and Fisheries","MARE",1,"noncommunication",0,0,0,0,0,0
1128,2020,24,"Maritime Affairs and Fisheries","MARE",2,"nonconformity",0,0,0,0,0,0
1129,2020,25,"Migration and Home Affairs","HOME",1,"noncommunication",17,0,0,0,0,0
1130,2020,25,"Migration and Home Affairs","HOME",2,"nonconformity",0,0,0,0,0,0
1131,2020,26,"Mobility and Transport","MOVE",1,"noncommunication",29,0,0,0,0,0
1132,2020,26,"Mobility and Transport","MOVE",2,"nonconformity",0,1,0,0,0,0
1133,2020,27,"Regional and Urban Policy","REGIO",1,"noncommunication",0,0,0,0,0,0
1134,2020,27,"Regional and Urban Policy","REGIO",2,"nonconformity",0,0,0,0,0,0
1135,2020,28,"Secretariat-General","SG",1,"noncommunication",0,0,0,0,0,0
1136,2020,28,"Secretariat-General","SG",2,"nonconformity",0,0,0,0,0,0
1137,2020,29,"Taxation and Customs Union","TAXUD",1,"noncommunication",57,0,0,0,0,0
1138,2020,29,"Taxation and Customs Union","TAXUD",2,"nonconformity",3,0,1,0,0,0
1139,2020,30,"Trade","TRADE",1,"noncommunication",0,0,0,0,0,0
1140,2020,30,"Trade","TRADE",2,"nonconformity",0,0,0,0,0,0
