"key_ID","year","member_state_ID","member_state","member_state_code","case_type_ID","case_type","count_LFN258","count_RO258","count_RF258","count_LFN260","count_RO260","count_RF260"
1,2002,1,"Belgium","BE",1,"noncommunication",34,12,2,0,0,0
2,2002,1,"Belgium","BE",2,"nonconformity",24,6,2,2,1,0
3,2002,2,"France","FR",1,"noncommunication",49,18,2,1,0,0
4,2002,2,"France","FR",2,"nonconformity",32,9,2,4,3,1
5,2002,3,"Germany","DE",1,"noncommunication",52,13,3,0,0,0
6,2002,3,"Germany","DE",2,"nonconformity",39,6,4,2,0,0
7,2002,4,"Italy","IT",1,"noncommunication",45,22,3,0,0,0
8,2002,4,"Italy","IT",2,"nonconformity",53,9,4,9,1,0
9,2002,5,"Luxembourg","LU",1,"noncommunication",36,14,1,1,0,0
10,2002,5,"Luxembourg","LU",2,"nonconformity",11,2,1,4,0,0
11,2002,6,"Netherlands","NL",1,"noncommunication",31,4,0,0,0,0
12,2002,6,"Netherlands","NL",2,"nonconformity",24,1,1,2,0,0
13,2002,7,"Denmark","DK",1,"noncommunication",30,2,0,0,0,0
14,2002,7,"Denmark","DK",2,"nonconformity",10,1,0,0,0,0
15,2002,8,"Ireland","IE",1,"noncommunication",47,13,1,0,0,0
16,2002,8,"Ireland","IE",2,"nonconformity",26,6,0,2,1,0
17,2002,9,"United Kingdom","UK",1,"noncommunication",38,11,1,0,0,0
18,2002,9,"United Kingdom","UK",2,"nonconformity",14,1,2,2,1,0
19,2002,10,"Greece","EL",1,"noncommunication",47,20,1,3,2,0
20,2002,10,"Greece","EL",2,"nonconformity",28,8,3,3,0,0
21,2002,11,"Portugal","PT",1,"noncommunication",54,18,2,0,0,0
22,2002,11,"Portugal","PT",2,"nonconformity",21,4,2,1,0,0
23,2002,12,"Spain","ES",1,"noncommunication",32,7,0,0,0,0
24,2002,12,"Spain","ES",2,"nonconformity",53,15,10,1,0,0
25,2002,13,"Austria","AT",1,"noncommunication",43,25,9,1,0,0
26,2002,13,"Austria","AT",2,"nonconformity",23,16,14,0,0,0
27,2002,14,"Finland","FI",1,"noncommunication",40,6,0,0,0,0
28,2002,14,"Finland","FI",2,"nonconformity",14,2,1,1,0,0
29,2002,15,"Sweden","SE",1,"noncommunication",35,2,1,0,0,0
30,2002,15,"Sweden","SE",2,"nonconformity",16,1,0,1,0,0
31,2003,1,"Belgium","BE",1,"noncommunication",79,28,9,2,1,1
32,2003,1,"Belgium","BE",2,"nonconformity",25,8,1,3,2,0
33,2003,2,"France","FR",1,"noncommunication",77,33,15,2,1,0
34,2003,2,"France","FR",2,"nonconformity",43,10,6,7,1,1
35,2003,3,"Germany","DE",1,"noncommunication",83,21,7,0,0,0
36,2003,3,"Germany","DE",2,"nonconformity",33,8,2,4,0,0
37,2003,4,"Italy","IT",1,"noncommunication",90,39,20,0,0,0
38,2003,4,"Italy","IT",2,"nonconformity",66,28,10,7,3,0
39,2003,5,"Luxembourg","LU",1,"noncommunication",68,33,13,0,0,0
40,2003,5,"Luxembourg","LU",2,"nonconformity",18,3,2,3,3,0
41,2003,6,"Netherlands","NL",1,"noncommunication",72,23,10,0,0,0
42,2003,6,"Netherlands","NL",2,"nonconformity",22,10,3,2,1,0
43,2003,7,"Denmark","DK",1,"noncommunication",47,2,0,0,0,0
44,2003,7,"Denmark","DK",2,"nonconformity",8,0,1,0,0,0
45,2003,8,"Ireland","IE",1,"noncommunication",70,23,14,3,0,0
46,2003,8,"Ireland","IE",2,"nonconformity",30,11,7,0,1,1
47,2003,9,"United Kingdom","UK",1,"noncommunication",77,15,7,0,0,0
48,2003,9,"United Kingdom","UK",2,"nonconformity",34,8,3,1,0,0
49,2003,10,"Greece","EL",1,"noncommunication",86,39,18,0,0,0
50,2003,10,"Greece","EL",2,"nonconformity",30,11,5,1,0,0
51,2003,11,"Portugal","PT",1,"noncommunication",100,36,12,0,0,0
52,2003,11,"Portugal","PT",2,"nonconformity",31,6,5,1,0,0
53,2003,12,"Spain","ES",1,"noncommunication",55,10,9,1,0,0
54,2003,12,"Spain","ES",2,"nonconformity",52,14,5,2,0,0
55,2003,13,"Austria","AT",1,"noncommunication",86,28,16,0,0,0
56,2003,13,"Austria","AT",2,"nonconformity",11,10,9,0,0,0
57,2003,14,"Finland","FI",1,"noncommunication",77,11,5,0,0,0
58,2003,14,"Finland","FI",2,"nonconformity",7,4,1,0,0,0
59,2003,15,"Sweden","SE",1,"noncommunication",66,9,4,0,0,0
60,2003,15,"Sweden","SE",2,"nonconformity",7,5,1,0,0,0
61,2004,1,"Belgium","BE",1,"noncommunication",58,15,17,1,0,0
62,2004,1,"Belgium","BE",2,"nonconformity",21,14,5,1,0,0
63,2004,2,"France","FR",1,"noncommunication",52,31,19,3,0,0
64,2004,2,"France","FR",2,"nonconformity",36,13,5,7,2,0
65,2004,3,"Germany","DE",1,"noncommunication",46,15,17,0,0,0
66,2004,3,"Germany","DE",2,"nonconformity",49,20,4,2,2,2
67,2004,4,"Italy","IT",1,"noncommunication",73,27,18,1,0,0
68,2004,4,"Italy","IT",2,"nonconformity",60,49,25,4,3,2
69,2004,5,"Luxembourg","LU",1,"noncommunication",62,24,25,1,1,0
70,2004,5,"Luxembourg","LU",2,"nonconformity",14,12,3,2,4,1
71,2004,6,"Netherlands","NL",1,"noncommunication",44,18,12,0,0,0
72,2004,6,"Netherlands","NL",2,"nonconformity",12,9,2,0,1,0
73,2004,7,"Denmark","DK",1,"noncommunication",48,6,0,0,0,0
74,2004,7,"Denmark","DK",2,"nonconformity",12,6,1,2,0,0
75,2004,8,"Ireland","IE",1,"noncommunication",51,7,4,0,0,0
76,2004,8,"Ireland","IE",2,"nonconformity",20,14,4,4,0,0
77,2004,9,"United Kingdom","UK",1,"noncommunication",50,11,7,1,0,0
78,2004,9,"United Kingdom","UK",2,"nonconformity",19,8,3,2,0,0
79,2004,10,"Greece","EL",1,"noncommunication",70,30,25,0,0,0
80,2004,10,"Greece","EL",2,"nonconformity",44,18,6,1,0,0
81,2004,11,"Portugal","PT",1,"noncommunication",70,14,6,0,0,0
82,2004,11,"Portugal","PT",2,"nonconformity",23,20,5,1,1,0
83,2004,12,"Spain","ES",1,"noncommunication",31,3,0,0,0,0
84,2004,12,"Spain","ES",2,"nonconformity",45,13,9,5,0,0
85,2004,13,"Austria","AT",1,"noncommunication",36,13,8,0,0,0
86,2004,13,"Austria","AT",2,"nonconformity",27,10,9,2,0,0
87,2004,14,"Finland","FI",1,"noncommunication",64,12,11,0,0,0
88,2004,14,"Finland","FI",2,"nonconformity",19,8,4,1,0,0
89,2004,15,"Sweden","SE",1,"noncommunication",52,9,4,0,0,0
90,2004,15,"Sweden","SE",2,"nonconformity",23,8,4,1,0,0
91,2004,16,"Cyprus","CY",1,"noncommunication",70,0,0,0,0,0
92,2004,16,"Cyprus","CY",2,"nonconformity",1,0,0,0,0,0
93,2004,17,"Czech Republic","CZ",1,"noncommunication",145,0,0,0,0,0
94,2004,17,"Czech Republic","CZ",2,"nonconformity",0,0,0,0,0,0
95,2004,18,"Estonia","EE",1,"noncommunication",74,0,0,0,0,0
96,2004,18,"Estonia","EE",2,"nonconformity",1,0,0,0,0,0
97,2004,19,"Hungary","HU",1,"noncommunication",32,0,0,0,0,0
98,2004,19,"Hungary","HU",2,"nonconformity",0,0,0,0,0,0
99,2004,20,"Latvia","LV",1,"noncommunication",107,0,0,0,0,0
100,2004,20,"Latvia","LV",2,"nonconformity",1,0,0,0,0,0
101,2004,21,"Lithuania","LT",1,"noncommunication",14,0,0,0,0,0
102,2004,21,"Lithuania","LT",2,"nonconformity",1,0,0,0,0,0
103,2004,22,"Malta","MT",1,"noncommunication",103,0,0,0,0,0
104,2004,22,"Malta","MT",2,"nonconformity",4,0,0,0,0,0
105,2004,23,"Poland","PL",1,"noncommunication",47,0,0,0,0,0
106,2004,23,"Poland","PL",2,"nonconformity",3,1,0,0,0,0
107,2004,24,"Slovakia","SK",1,"noncommunication",107,0,0,0,0,0
108,2004,24,"Slovakia","SK",2,"nonconformity",0,0,0,0,0,0
109,2004,25,"Slovenia","SI",1,"noncommunication",53,0,0,0,0,0
110,2004,25,"Slovenia","SI",2,"nonconformity",1,0,0,0,0,0
111,2005,1,"Belgium","BE",1,"noncommunication",40,23,2,1,1,0
112,2005,1,"Belgium","BE",2,"nonconformity",33,8,3,1,0,0
113,2005,2,"France","FR",1,"noncommunication",35,25,10,3,3,0
114,2005,2,"France","FR",2,"nonconformity",49,19,2,7,1,0
115,2005,3,"Germany","DE",1,"noncommunication",26,10,1,5,1,0
116,2005,3,"Germany","DE",2,"nonconformity",42,17,5,3,0,0
117,2005,4,"Italy","IT",1,"noncommunication",67,56,11,3,0,0
118,2005,4,"Italy","IT",2,"nonconformity",76,41,19,13,2,0
119,2005,5,"Luxembourg","LU",1,"noncommunication",62,42,24,7,5,1
120,2005,5,"Luxembourg","LU",2,"nonconformity",14,9,5,1,1,1
121,2005,6,"Netherlands","NL",1,"noncommunication",33,16,6,0,0,0
122,2005,6,"Netherlands","NL",2,"nonconformity",24,3,2,3,0,0
123,2005,7,"Denmark","DK",1,"noncommunication",27,3,0,0,0,0
124,2005,7,"Denmark","DK",2,"nonconformity",10,3,1,0,0,0
125,2005,8,"Ireland","IE",1,"noncommunication",42,22,4,1,0,0
126,2005,8,"Ireland","IE",2,"nonconformity",16,6,4,1,1,0
127,2005,9,"United Kingdom","UK",1,"noncommunication",38,22,9,4,3,0
128,2005,9,"United Kingdom","UK",2,"nonconformity",22,5,3,3,0,0
129,2005,10,"Greece","EL",1,"noncommunication",60,40,17,5,0,0
130,2005,10,"Greece","EL",2,"nonconformity",46,28,9,3,0,0
131,2005,11,"Portugal","PT",1,"noncommunication",59,51,7,0,0,0
132,2005,11,"Portugal","PT",2,"nonconformity",30,13,7,2,1,1
133,2005,12,"Spain","ES",1,"noncommunication",31,14,5,1,0,0
134,2005,12,"Spain","ES",2,"nonconformity",48,23,5,4,2,0
135,2005,13,"Austria","AT",1,"noncommunication",41,14,4,1,0,0
136,2005,13,"Austria","AT",2,"nonconformity",18,9,3,1,0,0
137,2005,14,"Finland","FI",1,"noncommunication",48,13,4,2,1,0
138,2005,14,"Finland","FI",2,"nonconformity",14,6,3,0,0,0
139,2005,15,"Sweden","SE",1,"noncommunication",34,9,0,3,0,0
140,2005,15,"Sweden","SE",2,"nonconformity",16,9,2,0,0,0
141,2005,16,"Cyprus","CY",1,"noncommunication",66,13,0,0,0,0
142,2005,16,"Cyprus","CY",2,"nonconformity",17,1,0,0,0,0
143,2005,17,"Czech Republic","CZ",1,"noncommunication",54,35,4,0,0,0
144,2005,17,"Czech Republic","CZ",2,"nonconformity",18,5,0,0,0,0
145,2005,18,"Estonia","EE",1,"noncommunication",50,17,2,0,0,0
146,2005,18,"Estonia","EE",2,"nonconformity",9,1,0,0,0,0
147,2005,19,"Hungary","HU",1,"noncommunication",36,10,0,0,0,0
148,2005,19,"Hungary","HU",2,"nonconformity",16,0,0,0,0,0
149,2005,20,"Latvia","LV",1,"noncommunication",46,16,1,0,0,0
150,2005,20,"Latvia","LV",2,"nonconformity",12,2,0,0,0,0
151,2005,21,"Lithuania","LT",1,"noncommunication",18,1,0,0,0,0
152,2005,21,"Lithuania","LT",2,"nonconformity",9,0,0,0,0,0
153,2005,22,"Malta","MT",1,"noncommunication",39,14,4,0,0,0
154,2005,22,"Malta","MT",2,"nonconformity",15,5,0,0,0,0
155,2005,23,"Poland","PL",1,"noncommunication",35,12,0,0,0,0
156,2005,23,"Poland","PL",2,"nonconformity",23,6,2,0,0,0
157,2005,24,"Slovakia","SK",1,"noncommunication",37,20,3,0,0,0
158,2005,24,"Slovakia","SK",2,"nonconformity",14,2,0,0,0,0
159,2005,25,"Slovenia","SI",1,"noncommunication",50,14,0,0,0,0
160,2005,25,"Slovenia","SI",2,"nonconformity",7,3,0,0,0,0
161,2006,1,"Belgium","BE",1,"noncommunication",39,22,9,3,0,0
162,2006,1,"Belgium","BE",2,"nonconformity",29,15,5,2,0,0
163,2006,2,"France","FR",1,"noncommunication",43,13,11,2,0,1
164,2006,2,"France","FR",2,"nonconformity",46,29,8,3,3,1
165,2006,3,"Germany","DE",1,"noncommunication",24,17,12,0,0,0
166,2006,3,"Germany","DE",2,"nonconformity",34,16,5,2,1,0
167,2006,4,"Italy","IT",1,"noncommunication",52,30,16,1,0,0
168,2006,4,"Italy","IT",2,"nonconformity",84,38,13,1,3,0
169,2006,5,"Luxembourg","LU",1,"noncommunication",41,27,13,6,3,2
170,2006,5,"Luxembourg","LU",2,"nonconformity",27,12,3,5,1,0
171,2006,6,"Netherlands","NL",1,"noncommunication",23,9,4,0,0,0
172,2006,6,"Netherlands","NL",2,"nonconformity",27,7,3,0,1,0
173,2006,7,"Denmark","DK",1,"noncommunication",20,5,0,0,0,0
174,2006,7,"Denmark","DK",2,"nonconformity",19,4,0,0,0,0
175,2006,8,"Ireland","IE",1,"noncommunication",25,11,9,0,0,0
176,2006,8,"Ireland","IE",2,"nonconformity",25,8,3,2,0,0
177,2006,9,"United Kingdom","UK",1,"noncommunication",39,15,5,1,0,0
178,2006,9,"United Kingdom","UK",2,"nonconformity",29,12,1,3,1,0
179,2006,10,"Greece","EL",1,"noncommunication",60,36,14,2,1,0
180,2006,10,"Greece","EL",2,"nonconformity",37,28,10,5,3,2
181,2006,11,"Portugal","PT",1,"noncommunication",60,36,17,0,0,0
182,2006,11,"Portugal","PT",2,"nonconformity",30,20,7,2,1,0
183,2006,12,"Spain","ES",1,"noncommunication",30,17,14,0,1,0
184,2006,12,"Spain","ES",2,"nonconformity",47,30,11,10,3,0
185,2006,13,"Austria","AT",1,"noncommunication",34,7,6,1,0,0
186,2006,13,"Austria","AT",2,"nonconformity",26,19,2,2,0,0
187,2006,14,"Finland","FI",1,"noncommunication",37,15,1,0,0,0
188,2006,14,"Finland","FI",2,"nonconformity",15,10,6,4,0,0
189,2006,15,"Sweden","SE",1,"noncommunication",36,14,3,0,0,0
190,2006,15,"Sweden","SE",2,"nonconformity",15,7,4,0,0,0
191,2006,16,"Cyprus","CY",1,"noncommunication",29,10,1,0,0,0
192,2006,16,"Cyprus","CY",2,"nonconformity",25,10,0,0,0,0
193,2006,17,"Czech Republic","CZ",1,"noncommunication",44,14,6,0,0,0
194,2006,17,"Czech Republic","CZ",2,"nonconformity",21,7,1,0,0,0
195,2006,18,"Estonia","EE",1,"noncommunication",38,8,2,0,0,0
196,2006,18,"Estonia","EE",2,"nonconformity",10,4,0,0,0,0
197,2006,19,"Hungary","HU",1,"noncommunication",35,11,1,0,0,0
198,2006,19,"Hungary","HU",2,"nonconformity",21,8,1,0,0,0
199,2006,20,"Latvia","LV",1,"noncommunication",35,9,0,0,0,0
200,2006,20,"Latvia","LV",2,"nonconformity",16,4,1,0,0,0
201,2006,21,"Lithuania","LT",1,"noncommunication",19,7,1,0,0,0
202,2006,21,"Lithuania","LT",2,"nonconformity",15,3,0,0,0,0
203,2006,22,"Malta","MT",1,"noncommunication",58,11,4,0,0,0
204,2006,22,"Malta","MT",2,"nonconformity",20,7,3,0,0,0
205,2006,23,"Poland","PL",1,"noncommunication",30,9,2,0,0,0
206,2006,23,"Poland","PL",2,"nonconformity",46,12,4,0,0,0
207,2006,24,"Slovakia","SK",1,"noncommunication",23,9,4,0,0,0
208,2006,24,"Slovakia","SK",2,"nonconformity",16,8,1,0,0,0
209,2006,25,"Slovenia","SI",1,"noncommunication",31,13,2,0,0,0
210,2006,25,"Slovenia","SI",2,"nonconformity",17,1,0,0,0,0
211,2007,1,"Belgium","BE",1,"noncommunication",30,7,5,1,1,0
212,2007,1,"Belgium","BE",2,"nonconformity",22,5,2,3,1,0
213,2007,2,"France","FR",1,"noncommunication",42,9,1,1,1,0
214,2007,2,"France","FR",2,"nonconformity",38,10,9,0,0,0
215,2007,3,"Germany","DE",1,"noncommunication",22,6,3,0,0,0
216,2007,3,"Germany","DE",2,"nonconformity",38,12,8,1,0,0
217,2007,4,"Italy","IT",1,"noncommunication",60,16,7,0,0,0
218,2007,4,"Italy","IT",2,"nonconformity",47,18,10,6,0,0
219,2007,5,"Luxembourg","LU",1,"noncommunication",40,13,9,4,4,0
220,2007,5,"Luxembourg","LU",2,"nonconformity",13,11,3,3,1,0
221,2007,6,"Netherlands","NL",1,"noncommunication",25,4,2,0,0,0
222,2007,6,"Netherlands","NL",2,"nonconformity",21,7,2,0,0,0
223,2007,7,"Denmark","DK",1,"noncommunication",24,3,1,0,0,0
224,2007,7,"Denmark","DK",2,"nonconformity",10,2,0,0,0,0
225,2007,8,"Ireland","IE",1,"noncommunication",29,6,2,0,0,0
226,2007,8,"Ireland","IE",2,"nonconformity",19,8,2,2,1,0
227,2007,9,"United Kingdom","UK",1,"noncommunication",44,8,2,2,0,0
228,2007,9,"United Kingdom","UK",2,"nonconformity",30,9,2,2,0,0
229,2007,10,"Greece","EL",1,"noncommunication",46,15,9,1,0,1
230,2007,10,"Greece","EL",2,"nonconformity",28,13,11,2,1,1
231,2007,11,"Portugal","PT",1,"noncommunication",63,20,10,0,0,0
232,2007,11,"Portugal","PT",2,"nonconformity",22,13,4,4,1,1
233,2007,12,"Spain","ES",1,"noncommunication",26,11,3,1,0,0
234,2007,12,"Spain","ES",2,"nonconformity",42,16,13,4,3,0
235,2007,13,"Austria","AT",1,"noncommunication",36,10,1,2,0,0
236,2007,13,"Austria","AT",2,"nonconformity",23,10,7,5,1,0
237,2007,14,"Finland","FI",1,"noncommunication",52,5,3,0,0,0
238,2007,14,"Finland","FI",2,"nonconformity",12,4,2,1,1,1
239,2007,15,"Sweden","SE",1,"noncommunication",41,6,6,0,0,0
240,2007,15,"Sweden","SE",2,"nonconformity",21,9,0,1,0,0
241,2007,16,"Cyprus","CY",1,"noncommunication",31,7,0,0,0,0
242,2007,16,"Cyprus","CY",2,"nonconformity",22,3,1,0,0,0
243,2007,17,"Czech Republic","CZ",1,"noncommunication",42,10,2,0,0,0
244,2007,17,"Czech Republic","CZ",2,"nonconformity",20,7,2,0,0,0
245,2007,18,"Estonia","EE",1,"noncommunication",34,7,0,0,0,0
246,2007,18,"Estonia","EE",2,"nonconformity",14,5,2,0,0,0
247,2007,19,"Hungary","HU",1,"noncommunication",40,4,0,0,0,0
248,2007,19,"Hungary","HU",2,"nonconformity",20,5,0,0,0,0
249,2007,20,"Latvia","LV",1,"noncommunication",34,3,0,0,0,0
250,2007,20,"Latvia","LV",2,"nonconformity",17,4,1,0,0,0
251,2007,21,"Lithuania","LT",1,"noncommunication",24,2,0,0,0,0
252,2007,21,"Lithuania","LT",2,"nonconformity",11,3,2,0,0,0
253,2007,22,"Malta","MT",1,"noncommunication",44,13,1,0,0,0
254,2007,22,"Malta","MT",2,"nonconformity",27,12,3,0,0,0
255,2007,23,"Poland","PL",1,"noncommunication",46,9,4,0,0,0
256,2007,23,"Poland","PL",2,"nonconformity",23,15,4,0,0,0
257,2007,24,"Slovakia","SK",1,"noncommunication",29,3,1,0,0,0
258,2007,24,"Slovakia","SK",2,"nonconformity",17,3,2,0,0,0
259,2007,25,"Slovenia","SI",1,"noncommunication",40,2,2,0,0,0
260,2007,25,"Slovenia","SI",2,"nonconformity",17,4,0,0,0,0
261,2007,26,"Bulgaria","BG",1,"noncommunication",70,2,0,0,0,0
262,2007,26,"Bulgaria","BG",2,"nonconformity",11,0,0,0,0,0
263,2007,27,"Romania","RO",1,"noncommunication",186,4,0,0,0,0
264,2007,27,"Romania","RO",2,"nonconformity",10,1,0,0,0,0
265,2008,1,"Belgium","BE",1,"noncommunication",32,16,12,2,1,0
266,2008,1,"Belgium","BE",2,"nonconformity",49,18,6,2,1,0
267,2008,2,"France","FR",1,"noncommunication",33,10,5,0,0,0
268,2008,2,"France","FR",2,"nonconformity",31,11,8,3,1,0
269,2008,3,"Germany","DE",1,"noncommunication",22,7,2,0,0,0
270,2008,3,"Germany","DE",2,"nonconformity",35,16,5,2,1,0
271,2008,4,"Italy","IT",1,"noncommunication",40,12,7,0,0,0
272,2008,4,"Italy","IT",2,"nonconformity",39,21,12,7,2,0
273,2008,5,"Luxembourg","LU",1,"noncommunication",31,17,9,6,0,0
274,2008,5,"Luxembourg","LU",2,"nonconformity",14,8,6,2,0,0
275,2008,6,"Netherlands","NL",1,"noncommunication",15,12,4,0,0,0
276,2008,6,"Netherlands","NL",2,"nonconformity",21,5,4,0,0,0
277,2008,7,"Denmark","DK",1,"noncommunication",22,4,0,0,0,0
278,2008,7,"Denmark","DK",2,"nonconformity",18,1,0,0,0,0
279,2008,8,"Ireland","IE",1,"noncommunication",34,8,6,0,0,0
280,2008,8,"Ireland","IE",2,"nonconformity",16,10,4,3,0,0
281,2008,9,"United Kingdom","UK",1,"noncommunication",41,16,11,0,0,0
282,2008,9,"United Kingdom","UK",2,"nonconformity",23,7,3,0,1,0
283,2008,10,"Greece","EL",1,"noncommunication",38,22,14,2,1,0
284,2008,10,"Greece","EL",2,"nonconformity",39,15,8,3,1,0
285,2008,11,"Portugal","PT",1,"noncommunication",46,19,9,1,0,0
286,2008,11,"Portugal","PT",2,"nonconformity",23,14,10,0,3,0
287,2008,12,"Spain","ES",1,"noncommunication",32,9,12,2,0,0
288,2008,12,"Spain","ES",2,"nonconformity",38,29,10,5,1,0
289,2008,13,"Austria","AT",1,"noncommunication",31,11,5,0,0,0
290,2008,13,"Austria","AT",2,"nonconformity",20,7,3,3,0,0
291,2008,14,"Finland","FI",1,"noncommunication",39,7,2,0,0,0
292,2008,14,"Finland","FI",2,"nonconformity",14,9,1,0,1,0
293,2008,15,"Sweden","SE",1,"noncommunication",23,10,6,0,0,0
294,2008,15,"Sweden","SE",2,"nonconformity",19,4,1,0,0,0
295,2008,16,"Cyprus","CY",1,"noncommunication",48,8,2,0,0,0
296,2008,16,"Cyprus","CY",2,"nonconformity",10,4,2,0,0,0
297,2008,17,"Czech Republic","CZ",1,"noncommunication",46,20,4,1,0,0
298,2008,17,"Czech Republic","CZ",2,"nonconformity",18,10,2,0,0,0
299,2008,18,"Estonia","EE",1,"noncommunication",21,11,3,0,0,0
300,2008,18,"Estonia","EE",2,"nonconformity",11,10,1,0,0,0
301,2008,19,"Hungary","HU",1,"noncommunication",38,6,3,0,0,0
302,2008,19,"Hungary","HU",2,"nonconformity",17,8,0,0,0,0
303,2008,20,"Latvia","LV",1,"noncommunication",19,7,2,0,0,0
304,2008,20,"Latvia","LV",2,"nonconformity",15,4,0,0,0,0
305,2008,21,"Lithuania","LT",1,"noncommunication",17,5,1,0,0,0
306,2008,21,"Lithuania","LT",2,"nonconformity",13,4,0,0,0,0
307,2008,22,"Malta","MT",1,"noncommunication",27,7,2,0,0,0
308,2008,22,"Malta","MT",2,"nonconformity",13,11,4,0,0,0
309,2008,23,"Poland","PL",1,"noncommunication",38,20,7,0,0,0
310,2008,23,"Poland","PL",2,"nonconformity",26,13,7,0,0,0
311,2008,24,"Slovakia","SK",1,"noncommunication",18,4,0,0,0,0
312,2008,24,"Slovakia","SK",2,"nonconformity",24,2,0,0,0,0
313,2008,25,"Slovenia","SI",1,"noncommunication",23,7,1,0,0,0
314,2008,25,"Slovenia","SI",2,"nonconformity",14,5,0,0,0,0
315,2008,26,"Bulgaria","BG",1,"noncommunication",17,2,0,0,0,0
316,2008,26,"Bulgaria","BG",2,"nonconformity",21,4,1,0,0,0
317,2008,27,"Romania","RO",1,"noncommunication",25,6,0,0,0,0
318,2008,27,"Romania","RO",2,"nonconformity",13,3,1,0,0,0
319,2009,1,"Belgium","BE",1,"noncommunication",18,9,6,2,0,0
320,2009,1,"Belgium","BE",2,"nonconformity",34,14,8,1,1,0
321,2009,2,"France","FR",1,"noncommunication",22,5,3,1,0,0
322,2009,2,"France","FR",2,"nonconformity",28,19,6,2,1,0
323,2009,3,"Germany","DE",1,"noncommunication",13,4,0,0,0,0
324,2009,3,"Germany","DE",2,"nonconformity",35,14,5,0,0,0
325,2009,4,"Italy","IT",1,"noncommunication",32,16,3,0,0,0
326,2009,4,"Italy","IT",2,"nonconformity",53,15,6,7,6,1
327,2009,5,"Luxembourg","LU",1,"noncommunication",26,11,5,3,4,0
328,2009,5,"Luxembourg","LU",2,"nonconformity",18,5,3,2,0,0
329,2009,6,"Netherlands","NL",1,"noncommunication",10,2,2,0,0,0
330,2009,6,"Netherlands","NL",2,"nonconformity",20,10,3,0,0,0
331,2009,7,"Denmark","DK",1,"noncommunication",11,3,0,0,0,0
332,2009,7,"Denmark","DK",2,"nonconformity",15,11,2,0,0,0
333,2009,8,"Ireland","IE",1,"noncommunication",19,7,3,1,0,0
334,2009,8,"Ireland","IE",2,"nonconformity",27,5,4,5,3,1
335,2009,9,"United Kingdom","UK",1,"noncommunication",25,11,6,1,0,0
336,2009,9,"United Kingdom","UK",2,"nonconformity",29,15,2,0,0,0
337,2009,10,"Greece","EL",1,"noncommunication",30,18,9,3,1,1
338,2009,10,"Greece","EL",2,"nonconformity",42,17,8,7,3,1
339,2009,11,"Portugal","PT",1,"noncommunication",27,15,6,2,0,0
340,2009,11,"Portugal","PT",2,"nonconformity",28,16,13,2,1,0
341,2009,12,"Spain","ES",1,"noncommunication",18,7,3,1,2,0
342,2009,12,"Spain","ES",2,"nonconformity",40,13,11,8,4,0
343,2009,13,"Austria","AT",1,"noncommunication",27,3,4,0,0,0
344,2009,13,"Austria","AT",2,"nonconformity",17,9,3,3,0,0
345,2009,14,"Finland","FI",1,"noncommunication",28,8,0,1,1,0
346,2009,14,"Finland","FI",2,"nonconformity",5,6,1,0,0,0
347,2009,15,"Sweden","SE",1,"noncommunication",15,6,1,0,0,0
348,2009,15,"Sweden","SE",2,"nonconformity",16,6,0,0,0,0
349,2009,16,"Cyprus","CY",1,"noncommunication",27,9,0,0,0,0
350,2009,16,"Cyprus","CY",2,"nonconformity",9,4,1,0,0,0
351,2009,17,"Czech Republic","CZ",1,"noncommunication",30,8,4,0,0,0
352,2009,17,"Czech Republic","CZ",2,"nonconformity",15,8,1,0,0,0
353,2009,18,"Estonia","EE",1,"noncommunication",18,4,3,0,0,0
354,2009,18,"Estonia","EE",2,"nonconformity",9,7,4,0,0,0
355,2009,19,"Hungary","HU",1,"noncommunication",27,3,0,0,0,0
356,2009,19,"Hungary","HU",2,"nonconformity",20,6,1,0,0,0
357,2009,20,"Latvia","LV",1,"noncommunication",16,4,0,0,0,0
358,2009,20,"Latvia","LV",2,"nonconformity",12,8,1,0,0,0
359,2009,21,"Lithuania","LT",1,"noncommunication",14,2,0,0,0,0
360,2009,21,"Lithuania","LT",2,"nonconformity",12,5,0,1,0,0
361,2009,22,"Malta","MT",1,"noncommunication",16,3,0,0,0,0
362,2009,22,"Malta","MT",2,"nonconformity",15,4,3,0,0,0
363,2009,23,"Poland","PL",1,"noncommunication",32,12,9,1,0,0
364,2009,23,"Poland","PL",2,"nonconformity",25,13,5,1,0,0
365,2009,24,"Slovakia","SK",1,"noncommunication",14,2,0,0,0,0
366,2009,24,"Slovakia","SK",2,"nonconformity",19,12,1,0,0,0
367,2009,25,"Slovenia","SI",1,"noncommunication",15,1,0,0,0,0
368,2009,25,"Slovenia","SI",2,"nonconformity",11,2,1,0,0,0
369,2009,26,"Bulgaria","BG",1,"noncommunication",9,1,0,0,0,0
370,2009,26,"Bulgaria","BG",2,"nonconformity",28,4,1,0,0,0
371,2009,27,"Romania","RO",1,"noncommunication",10,3,0,0,0,0
372,2009,27,"Romania","RO",2,"nonconformity",20,3,1,0,0,0
373,2010,1,"Belgium","BE",1,"noncommunication",14,8,5,1,0,0
374,2010,1,"Belgium","BE",2,"nonconformity",40,21,6,1,0,1
375,2010,2,"France","FR",1,"noncommunication",28,7,3,2,0,0
376,2010,2,"France","FR",2,"nonconformity",16,15,9,1,0,0
377,2010,3,"Germany","DE",1,"noncommunication",21,7,1,0,0,0
378,2010,3,"Germany","DE",2,"nonconformity",11,12,7,2,0,0
379,2010,4,"Italy","IT",1,"noncommunication",55,11,1,0,0,0
380,2010,4,"Italy","IT",2,"nonconformity",24,14,6,5,0,2
381,2010,5,"Luxembourg","LU",1,"noncommunication",33,13,6,2,0,1
382,2010,5,"Luxembourg","LU",2,"nonconformity",11,6,2,3,0,0
383,2010,6,"Netherlands","NL",1,"noncommunication",18,4,2,0,0,0
384,2010,6,"Netherlands","NL",2,"nonconformity",10,15,5,0,0,0
385,2010,7,"Denmark","DK",1,"noncommunication",14,1,0,0,0,0
386,2010,7,"Denmark","DK",2,"nonconformity",5,6,2,0,0,0
387,2010,8,"Ireland","IE",1,"noncommunication",31,4,2,3,0,0
388,2010,8,"Ireland","IE",2,"nonconformity",6,8,3,6,0,0
389,2010,9,"United Kingdom","UK",1,"noncommunication",35,7,0,0,0,0
390,2010,9,"United Kingdom","UK",2,"nonconformity",21,13,2,0,0,0
391,2010,10,"Greece","EL",1,"noncommunication",49,14,6,3,0,0
392,2010,10,"Greece","EL",2,"nonconformity",39,17,9,11,0,1
393,2010,11,"Portugal","PT",1,"noncommunication",41,10,3,0,0,0
394,2010,11,"Portugal","PT",2,"nonconformity",15,15,9,2,0,0
395,2010,12,"Spain","ES",1,"noncommunication",44,7,1,2,0,0
396,2010,12,"Spain","ES",2,"nonconformity",23,20,8,3,0,2
397,2010,13,"Austria","AT",1,"noncommunication",29,13,4,2,0,0
398,2010,13,"Austria","AT",2,"nonconformity",11,9,7,1,0,0
399,2010,14,"Finland","FI",1,"noncommunication",49,10,2,0,0,0
400,2010,14,"Finland","FI",2,"nonconformity",7,1,2,0,0,0
401,2010,15,"Sweden","SE",1,"noncommunication",21,5,2,1,0,0
402,2010,15,"Sweden","SE",2,"nonconformity",7,12,3,0,0,0
403,2010,16,"Cyprus","CY",1,"noncommunication",44,11,2,0,0,0
404,2010,16,"Cyprus","CY",2,"nonconformity",11,5,2,0,0,0
405,2010,17,"Czech Republic","CZ",1,"noncommunication",41,13,1,0,0,0
406,2010,17,"Czech Republic","CZ",2,"nonconformity",7,9,5,2,0,0
407,2010,18,"Estonia","EE",1,"noncommunication",21,7,5,0,0,0
408,2010,18,"Estonia","EE",2,"nonconformity",5,3,2,0,0,0
409,2010,19,"Hungary","HU",1,"noncommunication",57,7,0,0,0,0
410,2010,19,"Hungary","HU",2,"nonconformity",10,9,4,0,0,0
411,2010,20,"Latvia","LV",1,"noncommunication",18,3,0,0,0,0
412,2010,20,"Latvia","LV",2,"nonconformity",11,2,0,0,0,0
413,2010,21,"Lithuania","LT",1,"noncommunication",15,2,0,0,0,0
414,2010,21,"Lithuania","LT",2,"nonconformity",3,1,1,0,0,0
415,2010,22,"Malta","MT",1,"noncommunication",19,1,0,0,0,0
416,2010,22,"Malta","MT",2,"nonconformity",6,6,1,2,0,0
417,2010,23,"Poland","PL",1,"noncommunication",39,15,6,0,0,0
418,2010,23,"Poland","PL",2,"nonconformity",14,15,7,0,0,0
419,2010,24,"Slovakia","SK",1,"noncommunication",14,2,0,0,0,0
420,2010,24,"Slovakia","SK",2,"nonconformity",12,8,2,0,0,0
421,2010,25,"Slovenia","SI",1,"noncommunication",30,7,0,0,0,0
422,2010,25,"Slovenia","SI",2,"nonconformity",9,6,2,0,0,0
423,2010,26,"Bulgaria","BG",1,"noncommunication",29,3,0,0,0,0
424,2010,26,"Bulgaria","BG",2,"nonconformity",12,7,0,0,0,0
425,2010,27,"Romania","RO",1,"noncommunication",46,3,0,0,0,0
426,2010,27,"Romania","RO",2,"nonconformity",17,7,0,0,0,0
427,2011,1,"Belgium","BE",1,"noncommunication",46,17,0,0,0,0
428,2011,1,"Belgium","BE",2,"nonconformity",7,19,7,4,0,0
429,2011,2,"France","FR",1,"noncommunication",43,11,0,0,0,0
430,2011,2,"France","FR",2,"nonconformity",15,8,9,2,0,0
431,2011,3,"Germany","DE",1,"noncommunication",32,18,1,0,0,3
432,2011,3,"Germany","DE",2,"nonconformity",12,9,0,2,0,1
433,2011,4,"Italy","IT",1,"noncommunication",74,15,0,0,0,1
434,2011,4,"Italy","IT",2,"nonconformity",30,15,7,7,0,0
435,2011,5,"Luxembourg","LU",1,"noncommunication",44,13,0,0,0,0
436,2011,5,"Luxembourg","LU",2,"nonconformity",10,1,1,1,0,1
437,2011,6,"Netherlands","NL",1,"noncommunication",32,12,0,0,0,0
438,2011,6,"Netherlands","NL",2,"nonconformity",9,4,4,1,0,0
439,2011,7,"Denmark","DK",1,"noncommunication",28,2,0,0,0,0
440,2011,7,"Denmark","DK",2,"nonconformity",6,2,1,0,0,0
441,2011,8,"Ireland","IE",1,"noncommunication",28,5,0,0,0,0
442,2011,8,"Ireland","IE",2,"nonconformity",7,6,2,0,0,2
443,2011,9,"United Kingdom","UK",1,"noncommunication",58,11,0,0,0,0
444,2011,9,"United Kingdom","UK",2,"nonconformity",10,8,1,0,0,0
445,2011,10,"Greece","EL",1,"noncommunication",56,17,0,0,0,1
446,2011,10,"Greece","EL",2,"nonconformity",30,15,5,4,0,0
447,2011,11,"Portugal","PT",1,"noncommunication",50,11,0,0,0,0
448,2011,11,"Portugal","PT",2,"nonconformity",13,5,2,3,0,0
449,2011,12,"Spain","ES",1,"noncommunication",44,10,0,0,0,0
450,2011,12,"Spain","ES",2,"nonconformity",20,10,10,5,0,0
451,2011,13,"Austria","AT",1,"noncommunication",47,19,0,1,0,1
452,2011,13,"Austria","AT",2,"nonconformity",9,1,1,0,0,0
453,2011,14,"Finland","FI",1,"noncommunication",63,11,0,0,0,0
454,2011,14,"Finland","FI",2,"nonconformity",3,3,1,0,0,0
455,2011,15,"Sweden","SE",1,"noncommunication",32,8,0,0,0,1
456,2011,15,"Sweden","SE",2,"nonconformity",10,5,1,0,0,0
457,2011,16,"Cyprus","CY",1,"noncommunication",63,12,0,0,0,0
458,2011,16,"Cyprus","CY",2,"nonconformity",11,5,2,0,0,0
459,2011,17,"Czech Republic","CZ",1,"noncommunication",55,18,1,1,0,0
460,2011,17,"Czech Republic","CZ",2,"nonconformity",7,0,1,0,0,1
461,2011,18,"Estonia","EE",1,"noncommunication",29,10,0,0,0,0
462,2011,18,"Estonia","EE",2,"nonconformity",4,3,0,0,0,0
463,2011,19,"Hungary","HU",1,"noncommunication",71,10,0,0,0,0
464,2011,19,"Hungary","HU",2,"nonconformity",7,4,0,0,0,0
465,2011,20,"Latvia","LV",1,"noncommunication",25,1,0,0,0,0
466,2011,20,"Latvia","LV",2,"nonconformity",6,2,0,0,0,0
467,2011,21,"Lithuania","LT",1,"noncommunication",35,7,0,0,0,0
468,2011,21,"Lithuania","LT",2,"nonconformity",7,1,1,0,0,0
469,2011,22,"Malta","MT",1,"noncommunication",40,3,0,0,0,0
470,2011,22,"Malta","MT",2,"nonconformity",12,2,1,1,0,0
471,2011,23,"Poland","PL",1,"noncommunication",45,26,0,0,0,3
472,2011,23,"Poland","PL",2,"nonconformity",17,7,6,1,0,0
473,2011,24,"Slovakia","SK",1,"noncommunication",36,5,0,0,0,0
474,2011,24,"Slovakia","SK",2,"nonconformity",4,5,1,0,0,0
475,2011,25,"Slovenia","SI",1,"noncommunication",44,16,0,0,0,0
476,2011,25,"Slovenia","SI",2,"nonconformity",8,0,1,0,0,0
477,2011,26,"Bulgaria","BG",1,"noncommunication",37,5,0,0,0,0
478,2011,26,"Bulgaria","BG",2,"nonconformity",7,3,1,0,0,0
479,2011,27,"Romania","RO",1,"noncommunication",47,8,0,0,0,0
480,2011,27,"Romania","RO",2,"nonconformity",8,4,1,0,0,0
481,2012,1,"Belgium","BE",1,"noncommunication",21,12,0,0,0,3
482,2012,1,"Belgium","BE",2,"nonconformity",9,13,3,4,0,1
483,2012,2,"France","FR",1,"noncommunication",16,5,0,0,0,0
484,2012,2,"France","FR",2,"nonconformity",11,9,4,1,0,0
485,2012,3,"Germany","DE",1,"noncommunication",12,7,0,0,0,1
486,2012,3,"Germany","DE",2,"nonconformity",11,4,6,0,0,0
487,2012,4,"Italy","IT",1,"noncommunication",36,7,0,0,0,0
488,2012,4,"Italy","IT",2,"nonconformity",27,16,3,4,0,1
489,2012,5,"Luxembourg","LU",1,"noncommunication",12,12,0,0,0,1
490,2012,5,"Luxembourg","LU",2,"nonconformity",10,4,0,0,0,0
491,2012,6,"Netherlands","NL",1,"noncommunication",6,4,0,0,0,4
492,2012,6,"Netherlands","NL",2,"nonconformity",8,6,0,1,0,0
493,2012,7,"Denmark","DK",1,"noncommunication",17,4,0,0,0,0
494,2012,7,"Denmark","DK",2,"nonconformity",7,2,0,0,0,0
495,2012,8,"Ireland","IE",1,"noncommunication",8,3,0,0,0,0
496,2012,8,"Ireland","IE",2,"nonconformity",6,1,1,2,0,1
497,2012,9,"United Kingdom","UK",1,"noncommunication",24,9,0,0,0,0
498,2012,9,"United Kingdom","UK",2,"nonconformity",11,4,6,0,0,0
499,2012,10,"Greece","EL",1,"noncommunication",22,10,0,0,0,0
500,2012,10,"Greece","EL",2,"nonconformity",14,13,2,1,0,0
501,2012,11,"Portugal","PT",1,"noncommunication",34,11,1,0,0,1
502,2012,11,"Portugal","PT",2,"nonconformity",13,9,2,2,0,1
503,2012,12,"Spain","ES",1,"noncommunication",16,4,0,0,0,0
504,2012,12,"Spain","ES",2,"nonconformity",18,9,1,0,0,0
505,2012,13,"Austria","AT",1,"noncommunication",24,8,0,0,0,0
506,2012,13,"Austria","AT",2,"nonconformity",8,7,0,0,0,0
507,2012,14,"Finland","FI",1,"noncommunication",21,8,2,0,0,4
508,2012,14,"Finland","FI",2,"nonconformity",7,1,0,0,0,0
509,2012,15,"Sweden","SE",1,"noncommunication",6,5,0,0,0,0
510,2012,15,"Sweden","SE",2,"nonconformity",3,4,1,1,0,0
511,2012,16,"Cyprus","CY",1,"noncommunication",24,14,0,0,0,4
512,2012,16,"Cyprus","CY",2,"nonconformity",7,4,1,0,0,0
513,2012,17,"Czech Republic","CZ",1,"noncommunication",13,2,0,0,0,0
514,2012,17,"Czech Republic","CZ",2,"nonconformity",7,4,0,0,0,0
515,2012,18,"Estonia","EE",1,"noncommunication",5,2,0,0,0,0
516,2012,18,"Estonia","EE",2,"nonconformity",6,3,0,0,0,0
517,2012,19,"Hungary","HU",1,"noncommunication",26,2,0,0,0,1
518,2012,19,"Hungary","HU",2,"nonconformity",13,10,3,0,0,0
519,2012,20,"Latvia","LV",1,"noncommunication",10,0,0,0,0,0
520,2012,20,"Latvia","LV",2,"nonconformity",10,3,0,0,0,0
521,2012,21,"Lithuania","LT",1,"noncommunication",10,3,0,0,0,0
522,2012,21,"Lithuania","LT",2,"nonconformity",2,3,0,0,0,0
523,2012,22,"Malta","MT",1,"noncommunication",18,1,0,0,0,0
524,2012,22,"Malta","MT",2,"nonconformity",5,5,0,0,0,0
525,2012,23,"Poland","PL",1,"noncommunication",18,18,2,1,0,10
526,2012,23,"Poland","PL",2,"nonconformity",15,9,0,1,0,0
527,2012,24,"Slovakia","SK",1,"noncommunication",7,3,0,0,0,1
528,2012,24,"Slovakia","SK",2,"nonconformity",11,5,0,0,0,0
529,2012,25,"Slovenia","SI",1,"noncommunication",16,9,0,0,0,5
530,2012,25,"Slovenia","SI",2,"nonconformity",14,2,0,1,0,0
531,2012,26,"Bulgaria","BG",1,"noncommunication",13,7,0,0,0,1
532,2012,26,"Bulgaria","BG",2,"nonconformity",14,7,1,0,0,0
533,2012,27,"Romania","RO",1,"noncommunication",15,8,0,0,0,0
534,2012,27,"Romania","RO",2,"nonconformity",15,4,0,0,0,0
535,2013,1,"Belgium","BE",1,"noncommunication",23,7,1,0,0,2
536,2013,1,"Belgium","BE",2,"nonconformity",19,7,8,2,0,0
537,2013,2,"France","FR",1,"noncommunication",15,2,0,0,0,0
538,2013,2,"France","FR",2,"nonconformity",33,6,2,0,0,0
539,2013,3,"Germany","DE",1,"noncommunication",18,2,0,0,0,0
540,2013,3,"Germany","DE",2,"nonconformity",17,4,2,0,0,0
541,2013,4,"Italy","IT",1,"noncommunication",28,12,0,0,0,0
542,2013,4,"Italy","IT",2,"nonconformity",34,8,2,1,0,2
543,2013,5,"Luxembourg","LU",1,"noncommunication",22,3,0,0,0,0
544,2013,5,"Luxembourg","LU",2,"nonconformity",6,2,1,0,0,0
545,2013,6,"Netherlands","NL",1,"noncommunication",9,3,0,0,0,0
546,2013,6,"Netherlands","NL",2,"nonconformity",7,3,3,0,0,0
547,2013,7,"Denmark","DK",1,"noncommunication",15,0,0,0,0,0
548,2013,7,"Denmark","DK",2,"nonconformity",6,4,0,0,0,0
549,2013,8,"Ireland","IE",1,"noncommunication",10,2,0,0,0,0
550,2013,8,"Ireland","IE",2,"nonconformity",6,2,1,0,0,0
551,2013,9,"United Kingdom","UK",1,"noncommunication",20,3,0,0,0,2
552,2013,9,"United Kingdom","UK",2,"nonconformity",9,5,2,0,0,0
553,2013,10,"Greece","EL",1,"noncommunication",22,3,0,0,0,0
554,2013,10,"Greece","EL",2,"nonconformity",22,10,4,1,0,2
555,2013,11,"Portugal","PT",1,"noncommunication",24,5,0,0,0,1
556,2013,11,"Portugal","PT",2,"nonconformity",11,9,2,2,0,1
557,2013,12,"Spain","ES",1,"noncommunication",20,4,0,0,0,0
558,2013,12,"Spain","ES",2,"nonconformity",25,9,3,3,0,0
559,2013,13,"Austria","AT",1,"noncommunication",19,7,0,0,0,1
560,2013,13,"Austria","AT",2,"nonconformity",14,4,1,0,0,0
561,2013,14,"Finland","FI",1,"noncommunication",17,6,0,0,0,0
562,2013,14,"Finland","FI",2,"nonconformity",6,3,2,0,0,0
563,2013,15,"Sweden","SE",1,"noncommunication",9,3,0,0,0,0
564,2013,15,"Sweden","SE",2,"nonconformity",4,5,2,1,0,1
565,2013,16,"Cyprus","CY",1,"noncommunication",28,10,0,0,0,1
566,2013,16,"Cyprus","CY",2,"nonconformity",6,4,1,0,0,0
567,2013,17,"Czech Republic","CZ",1,"noncommunication",12,3,0,0,0,0
568,2013,17,"Czech Republic","CZ",2,"nonconformity",13,1,0,0,0,0
569,2013,18,"Estonia","EE",1,"noncommunication",11,4,0,0,0,2
570,2013,18,"Estonia","EE",2,"nonconformity",5,2,1,0,0,0
571,2013,19,"Hungary","HU",1,"noncommunication",21,5,0,0,0,0
572,2013,19,"Hungary","HU",2,"nonconformity",11,1,2,0,0,0
573,2013,20,"Latvia","LV",1,"noncommunication",13,3,0,0,0,0
574,2013,20,"Latvia","LV",2,"nonconformity",9,0,0,0,0,0
575,2013,21,"Lithuania","LT",1,"noncommunication",14,4,0,0,0,0
576,2013,21,"Lithuania","LT",2,"nonconformity",5,2,0,0,0,0
577,2013,22,"Malta","MT",1,"noncommunication",13,1,0,0,0,0
578,2013,22,"Malta","MT",2,"nonconformity",5,0,1,0,0,0
579,2013,23,"Poland","PL",1,"noncommunication",15,8,0,0,0,1
580,2013,23,"Poland","PL",2,"nonconformity",14,5,9,1,0,0
581,2013,24,"Slovakia","SK",1,"noncommunication",15,0,0,0,0,0
582,2013,24,"Slovakia","SK",2,"nonconformity",12,2,2,1,0,0
583,2013,25,"Slovenia","SI",1,"noncommunication",27,8,1,0,0,0
584,2013,25,"Slovenia","SI",2,"nonconformity",5,4,0,0,0,0
585,2013,26,"Bulgaria","BG",1,"noncommunication",13,1,0,0,0,2
586,2013,26,"Bulgaria","BG",2,"nonconformity",10,2,3,0,0,0
587,2013,27,"Romania","RO",1,"noncommunication",21,7,0,0,0,2
588,2013,27,"Romania","RO",2,"nonconformity",13,8,0,0,0,0
589,2013,28,"Croatia","HR",1,"noncommunication",4,0,0,0,0,0
590,2013,28,"Croatia","HR",2,"nonconformity",0,0,0,0,0,0
591,2014,1,"Belgium","BE",1,"noncommunication",40,5,0,0,0,1
592,2014,1,"Belgium","BE",2,"nonconformity",15,7,2,0,0,0
593,2014,2,"France","FR",1,"noncommunication",19,2,0,0,0,0
594,2014,2,"France","FR",2,"nonconformity",23,10,3,0,0,0
595,2014,3,"Germany","DE",1,"noncommunication",27,3,0,0,0,0
596,2014,3,"Germany","DE",2,"nonconformity",23,9,2,0,0,0
597,2014,4,"Italy","IT",1,"noncommunication",22,3,0,0,0,1
598,2014,4,"Italy","IT",2,"nonconformity",24,17,3,2,0,0
599,2014,5,"Luxembourg","LU",1,"noncommunication",17,7,0,0,0,0
600,2014,5,"Luxembourg","LU",2,"nonconformity",14,3,3,0,0,0
601,2014,6,"Netherlands","NL",1,"noncommunication",9,3,0,0,0,1
602,2014,6,"Netherlands","NL",2,"nonconformity",6,3,1,0,0,0
603,2014,7,"Denmark","DK",1,"noncommunication",20,1,0,0,0,0
604,2014,7,"Denmark","DK",2,"nonconformity",8,2,2,0,0,0
605,2014,8,"Ireland","IE",1,"noncommunication",9,4,0,0,0,2
606,2014,8,"Ireland","IE",2,"nonconformity",14,3,1,0,0,0
607,2014,9,"United Kingdom","UK",1,"noncommunication",20,4,0,0,0,0
608,2014,9,"United Kingdom","UK",2,"nonconformity",12,6,2,0,0,0
609,2014,10,"Greece","EL",1,"noncommunication",34,2,0,0,0,0
610,2014,10,"Greece","EL",2,"nonconformity",23,12,3,3,0,1
611,2014,11,"Portugal","PT",1,"noncommunication",23,6,0,0,0,0
612,2014,11,"Portugal","PT",2,"nonconformity",12,7,4,2,0,1
613,2014,12,"Spain","ES",1,"noncommunication",24,4,0,0,0,0
614,2014,12,"Spain","ES",2,"nonconformity",19,10,6,2,0,0
615,2014,13,"Austria","AT",1,"noncommunication",27,1,0,0,0,1
616,2014,13,"Austria","AT",2,"nonconformity",11,7,4,0,0,0
617,2014,14,"Finland","FI",1,"noncommunication",17,3,0,0,0,1
618,2014,14,"Finland","FI",2,"nonconformity",6,5,1,0,0,0
619,2014,15,"Sweden","SE",1,"noncommunication",7,1,0,0,0,0
620,2014,15,"Sweden","SE",2,"nonconformity",9,3,2,0,0,0
621,2014,16,"Cyprus","CY",1,"noncommunication",30,9,1,0,0,0
622,2014,16,"Cyprus","CY",2,"nonconformity",12,2,0,0,0,0
623,2014,17,"Czech Republic","CZ",1,"noncommunication",18,2,0,0,0,0
624,2014,17,"Czech Republic","CZ",2,"nonconformity",13,5,1,0,0,0
625,2014,18,"Estonia","EE",1,"noncommunication",10,1,0,0,0,0
626,2014,18,"Estonia","EE",2,"nonconformity",5,3,1,0,0,0
627,2014,19,"Hungary","HU",1,"noncommunication",26,2,0,0,0,0
628,2014,19,"Hungary","HU",2,"nonconformity",12,8,0,0,0,0
629,2014,20,"Latvia","LV",1,"noncommunication",11,3,0,0,0,0
630,2014,20,"Latvia","LV",2,"nonconformity",6,3,1,0,0,0
631,2014,21,"Lithuania","LT",1,"noncommunication",13,2,0,0,0,0
632,2014,21,"Lithuania","LT",2,"nonconformity",9,2,0,0,0,0
633,2014,22,"Malta","MT",1,"noncommunication",13,0,0,0,0,0
634,2014,22,"Malta","MT",2,"nonconformity",3,0,0,0,0,0
635,2014,23,"Poland","PL",1,"noncommunication",18,8,0,0,0,1
636,2014,23,"Poland","PL",2,"nonconformity",20,6,2,0,0,0
637,2014,24,"Slovakia","SK",1,"noncommunication",12,0,0,0,0,0
638,2014,24,"Slovakia","SK",2,"nonconformity",12,3,0,0,0,0
639,2014,25,"Slovenia","SI",1,"noncommunication",29,11,0,0,0,0
640,2014,25,"Slovenia","SI",2,"nonconformity",8,3,1,1,0,0
641,2014,26,"Bulgaria","BG",1,"noncommunication",41,4,0,0,0,0
642,2014,26,"Bulgaria","BG",2,"nonconformity",11,8,1,0,0,0
643,2014,27,"Romania","RO",1,"noncommunication",37,8,0,0,0,0
644,2014,27,"Romania","RO",2,"nonconformity",16,9,1,0,0,0
645,2014,28,"Croatia","HR",1,"noncommunication",13,0,0,0,0,0
646,2014,28,"Croatia","HR",2,"nonconformity",4,0,0,0,0,0
647,2015,1,"Belgium","BE",1,"noncommunication",28,6,0,0,0,1
648,2015,1,"Belgium","BE",2,"nonconformity",8,5,3,0,0,0
649,2015,2,"France","FR",1,"noncommunication",22,4,0,0,0,0
650,2015,2,"France","FR",2,"nonconformity",13,9,1,0,0,0
651,2015,3,"Germany","DE",1,"noncommunication",22,2,0,0,0,1
652,2015,3,"Germany","DE",2,"nonconformity",20,10,8,0,0,0
653,2015,4,"Italy","IT",1,"noncommunication",18,8,0,0,0,0
654,2015,4,"Italy","IT",2,"nonconformity",15,5,2,2,0,1
655,2015,5,"Luxembourg","LU",1,"noncommunication",22,10,0,0,0,2
656,2015,5,"Luxembourg","LU",2,"nonconformity",2,3,2,0,0,0
657,2015,6,"Netherlands","NL",1,"noncommunication",11,3,0,0,0,1
658,2015,6,"Netherlands","NL",2,"nonconformity",7,3,0,0,0,0
659,2015,7,"Denmark","DK",1,"noncommunication",16,1,0,0,0,0
660,2015,7,"Denmark","DK",2,"nonconformity",5,3,1,0,0,0
661,2015,8,"Ireland","IE",1,"noncommunication",15,2,0,0,0,0
662,2015,8,"Ireland","IE",2,"nonconformity",4,4,1,0,0,0
663,2015,9,"United Kingdom","UK",1,"noncommunication",16,1,0,0,0,0
664,2015,9,"United Kingdom","UK",2,"nonconformity",7,5,2,0,0,0
665,2015,10,"Greece","EL",1,"noncommunication",32,9,0,0,0,1
666,2015,10,"Greece","EL",2,"nonconformity",13,7,6,0,0,1
667,2015,11,"Portugal","PT",1,"noncommunication",18,3,0,0,0,0
668,2015,11,"Portugal","PT",2,"nonconformity",14,3,3,2,0,0
669,2015,12,"Spain","ES",1,"noncommunication",16,6,0,0,0,0
670,2015,12,"Spain","ES",2,"nonconformity",25,13,1,3,0,0
671,2015,13,"Austria","AT",1,"noncommunication",14,3,0,0,0,0
672,2015,13,"Austria","AT",2,"nonconformity",7,5,3,0,0,0
673,2015,14,"Finland","FI",1,"noncommunication",18,3,0,0,0,0
674,2015,14,"Finland","FI",2,"nonconformity",5,5,1,0,0,0
675,2015,15,"Sweden","SE",1,"noncommunication",23,4,0,0,0,1
676,2015,15,"Sweden","SE",2,"nonconformity",7,3,0,0,0,0
677,2015,16,"Cyprus","CY",1,"noncommunication",38,7,0,0,0,0
678,2015,16,"Cyprus","CY",2,"nonconformity",11,2,0,0,0,0
679,2015,17,"Czech Republic","CZ",1,"noncommunication",17,2,0,0,0,1
680,2015,17,"Czech Republic","CZ",2,"nonconformity",5,8,3,0,0,0
681,2015,18,"Estonia","EE",1,"noncommunication",15,6,0,0,0,0
682,2015,18,"Estonia","EE",2,"nonconformity",1,3,2,0,0,0
683,2015,19,"Hungary","HU",1,"noncommunication",17,2,0,0,0,1
684,2015,19,"Hungary","HU",2,"nonconformity",10,5,1,1,0,0
685,2015,20,"Latvia","LV",1,"noncommunication",16,2,0,0,0,0
686,2015,20,"Latvia","LV",2,"nonconformity",3,0,0,0,0,0
687,2015,21,"Lithuania","LT",1,"noncommunication",16,2,0,0,0,0
688,2015,21,"Lithuania","LT",2,"nonconformity",5,3,1,0,0,0
689,2015,22,"Malta","MT",1,"noncommunication",20,4,0,0,0,0
690,2015,22,"Malta","MT",2,"nonconformity",4,1,1,0,0,0
691,2015,23,"Poland","PL",1,"noncommunication",22,6,0,0,0,2
692,2015,23,"Poland","PL",2,"nonconformity",6,15,4,0,0,0
693,2015,24,"Slovakia","SK",1,"noncommunication",15,1,0,0,0,0
694,2015,24,"Slovakia","SK",2,"nonconformity",10,3,0,0,0,0
695,2015,25,"Slovenia","SI",1,"noncommunication",29,7,0,0,0,1
696,2015,25,"Slovenia","SI",2,"nonconformity",3,2,2,0,0,1
697,2015,26,"Bulgaria","BG",1,"noncommunication",20,6,0,0,0,0
698,2015,26,"Bulgaria","BG",2,"nonconformity",5,4,1,0,0,0
699,2015,27,"Romania","RO",1,"noncommunication",22,8,2,0,0,2
700,2015,27,"Romania","RO",2,"nonconformity",11,1,1,0,0,0
701,2015,28,"Croatia","HR",1,"noncommunication",6,1,0,0,0,0
702,2015,28,"Croatia","HR",2,"nonconformity",12,0,0,0,0,0
703,2016,1,"Belgium","BE",1,"noncommunication",43,11,0,0,0,0
704,2016,1,"Belgium","BE",2,"nonconformity",6,5,0,2,0,0
705,2016,2,"France","FR",1,"noncommunication",33,6,0,0,0,0
706,2016,2,"France","FR",2,"nonconformity",6,4,2,0,0,0
707,2016,3,"Germany","DE",1,"noncommunication",21,8,0,0,0,0
708,2016,3,"Germany","DE",2,"nonconformity",9,6,5,0,0,0
709,2016,4,"Italy","IT",1,"noncommunication",15,4,0,0,0,0
710,2016,4,"Italy","IT",2,"nonconformity",8,1,1,0,0,1
711,2016,5,"Luxembourg","LU",1,"noncommunication",37,11,0,0,0,2
712,2016,5,"Luxembourg","LU",2,"nonconformity",6,3,0,0,0,0
713,2016,6,"Netherlands","NL",1,"noncommunication",20,4,0,0,0,0
714,2016,6,"Netherlands","NL",2,"nonconformity",4,3,3,0,0,0
715,2016,7,"Denmark","DK",1,"noncommunication",28,3,0,0,0,0
716,2016,7,"Denmark","DK",2,"nonconformity",3,2,1,0,0,0
717,2016,8,"Ireland","IE",1,"noncommunication",36,8,0,0,0,0
718,2016,8,"Ireland","IE",2,"nonconformity",4,2,0,0,0,0
719,2016,9,"United Kingdom","UK",1,"noncommunication",25,7,0,0,0,0
720,2016,9,"United Kingdom","UK",2,"nonconformity",3,0,2,0,0,0
721,2016,10,"Greece","EL",1,"noncommunication",36,7,0,0,0,1
722,2016,10,"Greece","EL",2,"nonconformity",7,6,0,2,0,1
723,2016,11,"Portugal","PT",1,"noncommunication",51,14,0,0,0,0
724,2016,11,"Portugal","PT",2,"nonconformity",9,7,0,2,0,1
725,2016,12,"Spain","ES",1,"noncommunication",34,10,0,0,0,0
726,2016,12,"Spain","ES",2,"nonconformity",13,7,1,2,0,2
727,2016,13,"Austria","AT",1,"noncommunication",40,6,0,0,0,0
728,2016,13,"Austria","AT",2,"nonconformity",7,7,1,0,0,0
729,2016,14,"Finland","FI",1,"noncommunication",36,13,0,0,0,0
730,2016,14,"Finland","FI",2,"nonconformity",4,3,1,0,0,0
731,2016,15,"Sweden","SE",1,"noncommunication",22,5,0,0,0,0
732,2016,15,"Sweden","SE",2,"nonconformity",4,2,0,0,0,0
733,2016,16,"Cyprus","CY",1,"noncommunication",44,11,0,0,0,0
734,2016,16,"Cyprus","CY",2,"nonconformity",1,4,1,0,0,0
735,2016,17,"Czech Republic","CZ",1,"noncommunication",33,2,0,0,0,0
736,2016,17,"Czech Republic","CZ",2,"nonconformity",10,0,3,0,0,0
737,2016,18,"Estonia","EE",1,"noncommunication",18,6,0,0,0,0
738,2016,18,"Estonia","EE",2,"nonconformity",2,1,0,0,0,0
739,2016,19,"Hungary","HU",1,"noncommunication",36,4,0,0,0,0
740,2016,19,"Hungary","HU",2,"nonconformity",9,2,2,0,0,0
741,2016,20,"Latvia","LV",1,"noncommunication",20,10,0,0,0,0
742,2016,20,"Latvia","LV",2,"nonconformity",3,1,0,0,0,0
743,2016,21,"Lithuania","LT",1,"noncommunication",29,8,0,0,0,0
744,2016,21,"Lithuania","LT",2,"nonconformity",2,1,0,0,0,0
745,2016,22,"Malta","MT",1,"noncommunication",19,1,0,0,0,0
746,2016,22,"Malta","MT",2,"nonconformity",1,0,0,0,0,0
747,2016,23,"Poland","PL",1,"noncommunication",36,7,0,0,0,1
748,2016,23,"Poland","PL",2,"nonconformity",7,5,4,0,0,0
749,2016,24,"Slovakia","SK",1,"noncommunication",15,2,0,0,0,0
750,2016,24,"Slovakia","SK",2,"nonconformity",5,6,0,0,0,1
751,2016,25,"Slovenia","SI",1,"noncommunication",33,9,0,0,0,0
752,2016,25,"Slovenia","SI",2,"nonconformity",6,4,1,0,0,0
753,2016,26,"Bulgaria","BG",1,"noncommunication",27,6,0,0,0,0
754,2016,26,"Bulgaria","BG",2,"nonconformity",7,4,2,0,0,0
755,2016,27,"Romania","RO",1,"noncommunication",35,6,0,0,0,1
756,2016,27,"Romania","RO",2,"nonconformity",1,3,0,0,0,0
757,2016,28,"Croatia","HR",1,"noncommunication",25,7,0,0,0,0
758,2016,28,"Croatia","HR",2,"nonconformity",8,9,1,0,0,0
759,2017,1,"Belgium","BE",1,"noncommunication",23,12,0,0,0,3
760,2017,1,"Belgium","BE",2,"nonconformity",6,5,1,0,0,0
761,2017,2,"France","FR",1,"noncommunication",15,2,0,0,0,1
762,2017,2,"France","FR",2,"nonconformity",8,4,0,0,0,0
763,2017,3,"Germany","DE",1,"noncommunication",19,4,0,0,0,1
764,2017,3,"Germany","DE",2,"nonconformity",7,3,0,0,0,0
765,2017,4,"Italy","IT",1,"noncommunication",7,5,0,0,0,0
766,2017,4,"Italy","IT",2,"nonconformity",6,10,4,0,0,0
767,2017,5,"Luxembourg","LU",1,"noncommunication",22,6,0,0,0,5
768,2017,5,"Luxembourg","LU",2,"nonconformity",3,0,0,1,0,0
769,2017,6,"Netherlands","NL",1,"noncommunication",9,7,0,0,0,0
770,2017,6,"Netherlands","NL",2,"nonconformity",5,0,1,0,0,0
771,2017,7,"Denmark","DK",1,"noncommunication",15,3,0,0,0,0
772,2017,7,"Denmark","DK",2,"nonconformity",4,0,0,0,0,0
773,2017,8,"Ireland","IE",1,"noncommunication",21,9,0,0,0,1
774,2017,8,"Ireland","IE",2,"nonconformity",8,3,1,0,0,0
775,2017,9,"United Kingdom","UK",1,"noncommunication",29,3,0,0,0,0
776,2017,9,"United Kingdom","UK",2,"nonconformity",3,4,0,0,0,0
777,2017,10,"Greece","EL",1,"noncommunication",22,8,0,0,0,1
778,2017,10,"Greece","EL",2,"nonconformity",12,3,2,3,0,0
779,2017,11,"Portugal","PT",1,"noncommunication",36,17,0,0,0,1
780,2017,11,"Portugal","PT",2,"nonconformity",10,2,3,2,0,0
781,2017,12,"Spain","ES",1,"noncommunication",16,10,1,0,0,5
782,2017,12,"Spain","ES",2,"nonconformity",14,5,0,0,0,0
783,2017,13,"Austria","AT",1,"noncommunication",22,7,0,0,0,3
784,2017,13,"Austria","AT",2,"nonconformity",6,2,2,0,0,0
785,2017,14,"Finland","FI",1,"noncommunication",24,9,0,0,0,1
786,2017,14,"Finland","FI",2,"nonconformity",1,0,0,0,0,0
787,2017,15,"Sweden","SE",1,"noncommunication",16,4,0,0,0,0
788,2017,15,"Sweden","SE",2,"nonconformity",4,0,1,0,0,0
789,2017,16,"Cyprus","CY",1,"noncommunication",35,20,0,0,0,1
790,2017,16,"Cyprus","CY",2,"nonconformity",6,1,0,1,0,0
791,2017,17,"Czech Republic","CZ",1,"noncommunication",25,8,0,0,0,1
792,2017,17,"Czech Republic","CZ",2,"nonconformity",7,5,1,0,0,0
793,2017,18,"Estonia","EE",1,"noncommunication",16,5,0,0,0,0
794,2017,18,"Estonia","EE",2,"nonconformity",1,0,0,0,0,0
795,2017,19,"Hungary","HU",1,"noncommunication",13,3,0,0,0,0
796,2017,19,"Hungary","HU",2,"nonconformity",13,10,3,1,0,0
797,2017,20,"Latvia","LV",1,"noncommunication",19,5,0,0,0,0
798,2017,20,"Latvia","LV",2,"nonconformity",3,2,0,0,0,0
799,2017,21,"Lithuania","LT",1,"noncommunication",11,2,0,0,0,0
800,2017,21,"Lithuania","LT",2,"nonconformity",3,0,0,0,0,0
801,2017,22,"Malta","MT",1,"noncommunication",16,5,0,0,0,0
802,2017,22,"Malta","MT",2,"nonconformity",4,2,0,0,0,0
803,2017,23,"Poland","PL",1,"noncommunication",21,11,0,0,0,0
804,2017,23,"Poland","PL",2,"nonconformity",6,5,3,2,0,0
805,2017,24,"Slovakia","SK",1,"noncommunication",14,0,0,0,0,1
806,2017,24,"Slovakia","SK",2,"nonconformity",7,2,0,0,0,0
807,2017,25,"Slovenia","SI",1,"noncommunication",20,4,0,0,0,3
808,2017,25,"Slovenia","SI",2,"nonconformity",9,2,2,0,0,0
809,2017,26,"Bulgaria","BG",1,"noncommunication",26,6,0,0,0,2
810,2017,26,"Bulgaria","BG",2,"nonconformity",4,1,0,0,0,0
811,2017,27,"Romania","RO",1,"noncommunication",19,13,0,0,0,1
812,2017,27,"Romania","RO",2,"nonconformity",11,4,2,1,0,0
813,2017,28,"Croatia","HR",1,"noncommunication",26,7,0,0,0,4
814,2017,28,"Croatia","HR",2,"nonconformity",7,6,2,0,0,0
815,2018,1,"Belgium","BE",1,"noncommunication",20,3,0,0,0,1
816,2018,1,"Belgium","BE",2,"nonconformity",13,0,0,1,0,0
817,2018,2,"France","FR",1,"noncommunication",17,1,0,0,0,0
818,2018,2,"France","FR",2,"nonconformity",3,1,1,0,0,0
819,2018,3,"Germany","DE",1,"noncommunication",13,2,0,0,0,0
820,2018,3,"Germany","DE",2,"nonconformity",8,3,2,0,0,0
821,2018,4,"Italy","IT",1,"noncommunication",11,1,1,0,0,0
822,2018,4,"Italy","IT",2,"nonconformity",16,4,3,1,0,0
823,2018,5,"Luxembourg","LU",1,"noncommunication",26,6,0,0,0,1
824,2018,5,"Luxembourg","LU",2,"nonconformity",7,0,0,0,0,0
825,2018,6,"Netherlands","NL",1,"noncommunication",9,0,0,0,0,1
826,2018,6,"Netherlands","NL",2,"nonconformity",11,2,0,0,0,0
827,2018,7,"Denmark","DK",1,"noncommunication",9,2,0,0,0,0
828,2018,7,"Denmark","DK",2,"nonconformity",8,0,0,0,0,0
829,2018,8,"Ireland","IE",1,"noncommunication",13,7,0,0,0,1
830,2018,8,"Ireland","IE",2,"nonconformity",8,4,1,0,0,1
831,2018,9,"United Kingdom","UK",1,"noncommunication",17,1,0,0,0,0
832,2018,9,"United Kingdom","UK",2,"nonconformity",14,4,2,0,0,0
833,2018,10,"Greece","EL",1,"noncommunication",17,7,0,0,0,1
834,2018,10,"Greece","EL",2,"nonconformity",9,3,0,0,0,0
835,2018,11,"Portugal","PT",1,"noncommunication",13,5,0,0,0,0
836,2018,11,"Portugal","PT",2,"nonconformity",4,4,2,0,0,1
837,2018,12,"Spain","ES",1,"noncommunication",17,12,1,0,0,3
838,2018,12,"Spain","ES",2,"nonconformity",10,7,2,1,0,0
839,2018,13,"Austria","AT",1,"noncommunication",19,2,0,0,0,0
840,2018,13,"Austria","AT",2,"nonconformity",8,2,2,0,0,0
841,2018,14,"Finland","FI",1,"noncommunication",10,2,0,0,0,0
842,2018,14,"Finland","FI",2,"nonconformity",4,1,1,0,0,0
843,2018,15,"Sweden","SE",1,"noncommunication",17,1,0,0,0,0
844,2018,15,"Sweden","SE",2,"nonconformity",5,2,0,0,0,0
845,2018,16,"Cyprus","CY",1,"noncommunication",27,6,0,0,0,0
846,2018,16,"Cyprus","CY",2,"nonconformity",11,1,0,0,0,0
847,2018,17,"Czech Republic","CZ",1,"noncommunication",21,4,0,0,0,0
848,2018,17,"Czech Republic","CZ",2,"nonconformity",7,0,0,0,0,0
849,2018,18,"Estonia","EE",1,"noncommunication",6,1,0,0,0,0
850,2018,18,"Estonia","EE",2,"nonconformity",5,1,0,0,0,0
851,2018,19,"Hungary","HU",1,"noncommunication",11,0,0,0,0,0
852,2018,19,"Hungary","HU",2,"nonconformity",11,2,3,0,0,0
853,2018,20,"Latvia","LV",1,"noncommunication",12,5,0,0,0,0
854,2018,20,"Latvia","LV",2,"nonconformity",8,0,0,0,0,0
855,2018,21,"Lithuania","LT",1,"noncommunication",12,3,0,0,0,0
856,2018,21,"Lithuania","LT",2,"nonconformity",6,1,0,0,0,0
857,2018,22,"Malta","MT",1,"noncommunication",13,1,0,0,0,0
858,2018,22,"Malta","MT",2,"nonconformity",9,0,1,0,0,0
859,2018,23,"Poland","PL",1,"noncommunication",16,5,0,0,0,1
860,2018,23,"Poland","PL",2,"nonconformity",14,1,1,0,0,0
861,2018,24,"Slovakia","SK",1,"noncommunication",10,4,0,0,0,0
862,2018,24,"Slovakia","SK",2,"nonconformity",8,1,1,0,0,0
863,2018,25,"Slovenia","SI",1,"noncommunication",15,6,1,0,0,2
864,2018,25,"Slovenia","SI",2,"nonconformity",7,2,0,1,0,0
865,2018,26,"Bulgaria","BG",1,"noncommunication",18,8,0,0,0,1
866,2018,26,"Bulgaria","BG",2,"nonconformity",11,1,1,1,0,0
867,2018,27,"Romania","RO",1,"noncommunication",21,11,0,0,0,1
868,2018,27,"Romania","RO",2,"nonconformity",10,0,3,0,0,0
869,2018,28,"Croatia","HR",1,"noncommunication",9,3,0,0,0,0
870,2018,28,"Croatia","HR",2,"nonconformity",5,1,3,0,0,0
871,2019,1,"Belgium","BE",1,"noncommunication",22,5,0,0,0,1
872,2019,1,"Belgium","BE",2,"nonconformity",13,9,1,0,0,1
873,2019,2,"France","FR",1,"noncommunication",11,5,0,0,0,0
874,2019,2,"France","FR",2,"nonconformity",22,5,0,0,0,0
875,2019,3,"Germany","DE",1,"noncommunication",11,7,0,0,0,0
876,2019,3,"Germany","DE",2,"nonconformity",17,9,2,2,0,0
877,2019,4,"Italy","IT",1,"noncommunication",10,4,1,0,0,0
878,2019,4,"Italy","IT",2,"nonconformity",22,7,4,0,0,0
879,2019,5,"Luxembourg","LU",1,"noncommunication",12,7,0,0,0,0
880,2019,5,"Luxembourg","LU",2,"nonconformity",7,2,0,0,0,0
881,2019,6,"Netherlands","NL",1,"noncommunication",7,5,0,0,0,0
882,2019,6,"Netherlands","NL",2,"nonconformity",10,5,0,0,0,0
883,2019,7,"Denmark","DK",1,"noncommunication",11,1,0,0,0,0
884,2019,7,"Denmark","DK",2,"nonconformity",10,5,1,0,0,0
885,2019,8,"Ireland","IE",1,"noncommunication",27,14,0,0,0,1
886,2019,8,"Ireland","IE",2,"nonconformity",12,5,0,0,0,0
887,2019,9,"United Kingdom","UK",1,"noncommunication",22,1,0,0,0,0
888,2019,9,"United Kingdom","UK",2,"nonconformity",10,5,1,1,0,0
889,2019,10,"Greece","EL",1,"noncommunication",19,11,0,0,0,1
890,2019,10,"Greece","EL",2,"nonconformity",20,5,1,1,0,2
891,2019,11,"Portugal","PT",1,"noncommunication",17,6,0,0,0,0
892,2019,11,"Portugal","PT",2,"nonconformity",18,8,0,0,0,0
893,2019,12,"Spain","ES",1,"noncommunication",10,10,0,0,0,1
894,2019,12,"Spain","ES",2,"nonconformity",22,8,6,0,0,0
895,2019,13,"Austria","AT",1,"noncommunication",13,5,0,0,0,0
896,2019,13,"Austria","AT",2,"nonconformity",16,6,3,0,0,0
897,2019,14,"Finland","FI",1,"noncommunication",7,5,0,0,0,0
898,2019,14,"Finland","FI",2,"nonconformity",10,2,0,0,0,0
899,2019,15,"Sweden","SE",1,"noncommunication",13,4,0,0,0,0
900,2019,15,"Sweden","SE",2,"nonconformity",12,4,1,0,0,0
901,2019,16,"Cyprus","CY",1,"noncommunication",31,14,0,0,0,0
902,2019,16,"Cyprus","CY",2,"nonconformity",14,7,1,0,0,0
903,2019,17,"Czech Republic","CZ",1,"noncommunication",20,4,0,0,0,0
904,2019,17,"Czech Republic","CZ",2,"nonconformity",13,6,1,0,0,0
905,2019,18,"Estonia","EE",1,"noncommunication",13,1,0,0,0,0
906,2019,18,"Estonia","EE",2,"nonconformity",13,2,0,0,0,0
907,2019,19,"Hungary","HU",1,"noncommunication",17,4,0,0,0,0
908,2019,19,"Hungary","HU",2,"nonconformity",17,9,4,1,0,0
909,2019,20,"Latvia","LV",1,"noncommunication",12,5,0,0,0,0
910,2019,20,"Latvia","LV",2,"nonconformity",11,3,0,0,0,0
911,2019,21,"Lithuania","LT",1,"noncommunication",5,5,0,0,0,0
912,2019,21,"Lithuania","LT",2,"nonconformity",8,3,0,0,0,0
913,2019,22,"Malta","MT",1,"noncommunication",13,1,0,0,0,0
914,2019,22,"Malta","MT",2,"nonconformity",16,3,0,0,0,0
915,2019,23,"Poland","PL",1,"noncommunication",14,8,0,0,0,0
916,2019,23,"Poland","PL",2,"nonconformity",24,11,2,2,0,0
917,2019,24,"Slovakia","SK",1,"noncommunication",10,3,0,0,0,0
918,2019,24,"Slovakia","SK",2,"nonconformity",10,9,0,0,0,0
919,2019,25,"Slovenia","SI",1,"noncommunication",14,9,0,0,0,0
920,2019,25,"Slovenia","SI",2,"nonconformity",12,5,2,0,0,0
921,2019,26,"Bulgaria","BG",1,"noncommunication",20,8,0,0,0,0
922,2019,26,"Bulgaria","BG",2,"nonconformity",20,6,1,0,0,0
923,2019,27,"Romania","RO",1,"noncommunication",17,7,0,0,0,0
924,2019,27,"Romania","RO",2,"nonconformity",24,5,0,0,0,0
925,2019,28,"Croatia","HR",1,"noncommunication",8,1,0,0,0,0
926,2019,28,"Croatia","HR",2,"nonconformity",19,3,0,0,0,0
927,2020,1,"Belgium","BE",1,"noncommunication",7,0,0,0,0,0
928,2020,1,"Belgium","BE",2,"nonconformity",0,0,0,0,0,0
929,2020,2,"France","FR",1,"noncommunication",5,0,0,0,0,0
930,2020,2,"France","FR",2,"nonconformity",0,0,0,0,0,0
931,2020,3,"Germany","DE",1,"noncommunication",6,0,0,0,0,0
932,2020,3,"Germany","DE",2,"nonconformity",2,1,0,0,0,0
933,2020,4,"Italy","IT",1,"noncommunication",6,0,0,0,0,0
934,2020,4,"Italy","IT",2,"nonconformity",1,0,1,0,0,0
935,2020,5,"Luxembourg","LU",1,"noncommunication",4,1,0,0,0,0
936,2020,5,"Luxembourg","LU",2,"nonconformity",0,0,0,0,0,0
937,2020,6,"Netherlands","NL",1,"noncommunication",2,0,0,0,0,0
938,2020,6,"Netherlands","NL",2,"nonconformity",1,0,0,0,0,0
939,2020,7,"Denmark","DK",1,"noncommunication",3,0,0,0,0,0
940,2020,7,"Denmark","DK",2,"nonconformity",0,0,0,0,0,0
941,2020,8,"Ireland","IE",1,"noncommunication",3,0,0,0,0,0
942,2020,8,"Ireland","IE",2,"nonconformity",0,0,0,0,0,0
943,2020,9,"United Kingdom","UK",1,"noncommunication",8,0,0,0,0,0
944,2020,9,"United Kingdom","UK",2,"nonconformity",0,1,0,0,0,0
945,2020,10,"Greece","EL",1,"noncommunication",7,1,0,0,0,0
946,2020,10,"Greece","EL",2,"nonconformity",1,1,0,0,0,0
947,2020,11,"Portugal","PT",1,"noncommunication",10,0,0,0,0,0
948,2020,11,"Portugal","PT",2,"nonconformity",0,2,1,0,0,0
949,2020,12,"Spain","ES",1,"noncommunication",9,0,0,0,0,0
950,2020,12,"Spain","ES",2,"nonconformity",0,1,0,0,0,0
951,2020,13,"Austria","AT",1,"noncommunication",0,0,0,0,0,0
952,2020,13,"Austria","AT",2,"nonconformity",0,0,0,0,0,0
953,2020,14,"Finland","FI",1,"noncommunication",0,0,0,0,0,0
954,2020,14,"Finland","FI",2,"nonconformity",0,0,0,0,0,0
955,2020,15,"Sweden","SE",1,"noncommunication",2,0,0,0,0,0
956,2020,15,"Sweden","SE",2,"nonconformity",0,1,0,0,0,0
957,2020,16,"Cyprus","CY",1,"noncommunication",10,0,0,0,0,0
958,2020,16,"Cyprus","CY",2,"nonconformity",0,0,0,0,0,0
959,2020,17,"Czech Republic","CZ",1,"noncommunication",4,0,0,0,0,0
960,2020,17,"Czech Republic","CZ",2,"nonconformity",0,0,0,0,0,0
961,2020,18,"Estonia","EE",1,"noncommunication",3,0,0,0,0,0
962,2020,18,"Estonia","EE",2,"nonconformity",0,0,0,0,0,0
963,2020,19,"Hungary","HU",1,"noncommunication",3,0,0,0,0,0
964,2020,19,"Hungary","HU",2,"nonconformity",0,0,0,0,0,0
965,2020,20,"Latvia","LV",1,"noncommunication",4,0,0,0,0,0
966,2020,20,"Latvia","LV",2,"nonconformity",1,0,0,0,0,0
967,2020,21,"Lithuania","LT",1,"noncommunication",1,0,0,0,0,0
968,2020,21,"Lithuania","LT",2,"nonconformity",0,0,0,0,0,0
969,2020,22,"Malta","MT",1,"noncommunication",2,0,0,0,0,0
970,2020,22,"Malta","MT",2,"nonconformity",2,0,0,0,0,0
971,2020,23,"Poland","PL",1,"noncommunication",10,0,0,0,0,0
972,2020,23,"Poland","PL",2,"nonconformity",2,0,0,0,0,0
973,2020,24,"Slovakia","SK",1,"noncommunication",3,0,0,0,0,0
974,2020,24,"Slovakia","SK",2,"nonconformity",0,0,0,0,0,0
975,2020,25,"Slovenia","SI",1,"noncommunication",6,0,0,0,0,0
976,2020,25,"Slovenia","SI",2,"nonconformity",0,0,0,0,0,0
977,2020,26,"Bulgaria","BG",1,"noncommunication",3,0,0,0,0,0
978,2020,26,"Bulgaria","BG",2,"nonconformity",0,0,0,0,0,0
979,2020,27,"Romania","RO",1,"noncommunication",9,0,0,0,0,0
980,2020,27,"Romania","RO",2,"nonconformity",2,2,0,0,0,0
981,2020,28,"Croatia","HR",1,"noncommunication",4,0,0,0,0,0
982,2020,28,"Croatia","HR",2,"nonconformity",1,0,0,0,0,0
